# Traducciones al idioma 'en'. Columna 1: el texto en español tal como esta en el codigo;
# columna 2: la traduccion (vacia = sin traducir, se muestra en español). Conserva %d, %s, %.1f...
# Se regenera con 'python3 tools/assets/i18n.py extraer' (las traducciones se conservan).
# --- assets/inventario.tsv
Abedul	Birch
Abeja (enjambre)	Bee (swarm)
Acantilado modular	Modular cliff
Agua con vino	Watered wine
Agua cruda	Raw water
Agua hervida	Boiled water
Alabarda	Halberd
Alerce	Larch
Altar del culto	Cult altar
Amuleto del caballo	Horse amulet
Amuleto del ciervo	Deer amulet
Amuleto del lobo	Wolf amulet
Amuleto del oso	Bear amulet
Amuleto del tigre y el dragón	Tiger and dragon amulet
Amuleto del águila y el íbice	Eagle and ibex amulet
Anciano	Elder
Anillo de bronce	Bronze ring
Anillo de oro	Gold ring
Anillo de plata	Silver ring
Antorcha	Torch
Arbusto estepario	Steppe shrub
Arco compuesto	Composite bow
Arco compuesto de cuerno	Horn composite bow
Arco largo	Longbow
Aretes de bronce	Bronze earrings
Aretes de oro	Gold earrings
Aretes de plata	Silver earrings
Ariete cubierto	Covered ram
Arrecife de coral	Coral reef
Artillero	Gunner
Atalaya de madera	Wooden watchtower
Avispa (enjambre)	Wasp (swarm)
Avispero	Wasp nest
Bala de cañón	Cannonball
Bala de mosquete	Musket ball
Balbal (estatua de piedra)	Balbal (stone statue)
Ballesta	Crossbow
Ballesta de repetición	Repeating crossbow
Balsa	Raft
Barco de carga	Cargo ship
Barco de guerra con cañones	Cannon warship
Barda de cuero para caballo	Leather horse barding
Barda de hierro para caballo	Iron horse barding
Barril de pólvora	Powder keg
Barro (adobe)	Clay (adobe)
Boleadoras	Bolas
Botas (par) de escamas de hierro	Iron scale boots (pair)
Botas (par) de fieltro acolchado	Padded felt boots (pair)
Botas (par) de malla	Mail boots (pair)
Botas (par) laminar de cuero	Leather lamellar boots (pair)
Botas (par) ritual del culto	Cult ritual boots (pair)
Bote de remos	Rowboat
Brazales (par) de escamas de hierro	Iron scale bracers (pair)
Brazales (par) de fieltro acolchado	Padded felt bracers (pair)
Brazales (par) de malla	Mail bracers (pair)
Brazales (par) laminar de cuero	Leather lamellar bracers (pair)
Brazales (par) ritual del culto	Cult ritual bracers (pair)
Brazalete de bronce	Bronze bracelet
Brazalete de oro	Gold bracelet
Brazalete de plata	Silver bracelet
Brida y riendas	Bridle and reins
Bufanda / velo contra la arena	Sand scarf / veil
Buitre	Vulture
Burócrata	Bureaucrat
Caballo de guerra	Warhorse
Cabaña de troncos	Log cabin
Cadalso de ejecución pública	Public execution scaffold
Caldero	Cauldron
Campamento abandonado del padre	Father's abandoned camp
Campesino	Peasant
Canoa de pieles	Hide canoe
Carbón vegetal	Charcoal
Carne fresca	Fresh meat
Carne seca	Dried meat
Carreta de mercancías	Goods wagon
Carro con yurta montada (kibitka)	Yurt wagon (kibitka)
Carruaje imperial	Imperial carriage
Casa campesina	Peasant house
Casa de adobe	Adobe house
Casa larga de los fiordos	Fjord longhouse
Casa urbana de dos plantas	Two-storey town house
Casco de escamas de hierro	Iron scale helmet
Casco de fieltro acolchado	Padded felt helmet
Casco de malla	Mail helmet
Casco de oro del padre	Father's gold helmet
Casco laminar de cuero	Leather lamellar helmet
Casco ritual del culto	Cult ritual helmet
Catapulta	Catapult
Cazador del bosque	Forest hunter
Cañón de campaña	Field cannon
Cenizas de una estructura	Ashes of a structure
Cerveza	Beer
Chamán	Shaman
Choza de fieltro	Felt hut
Cinturón con placa de estilo animal	Animal-style plaque belt
Cofre de botín	Loot chest
Collar de bronce	Bronze necklace
Collar de oro	Gold necklace
Collar de plata	Silver necklace
Colmena silvestre	Wild beehive
Comerciante de caravana	Caravan merchant
Coral rojo	Red coral
Coraza / peto de escamas de hierro	Iron scale cuirass
Coraza / peto de fieltro acolchado	Padded felt cuirass
Coraza / peto de malla	Mail cuirass
Coraza / peto laminar de cuero	Leather lamellar cuirass
Coraza / peto ritual del culto	Cult ritual cuirass
Cornalina	Carnelian
Corral de cuerdas y estacas	Rope and stake corral
Cuartel	Barracks
Cuchillo de hueso y hierro	Bone and iron knife
Cuerpo base: adulto común	Base body: common adult
Cuerpo base: adulto robusto	Base body: sturdy adult
Cuerpo base: anciano	Base body: elder
Cuerpo base: gigante (gran guerrero)	Base body: giant (champion)
Cuerpo base: niño	Base body: child
Curandero	Healer
Daga	Dagger
Deel (caftán cruzado)	Deel (wrap caftan)
Dromedario	Dromedary
Duna	Dune
El medio-hermano	The half-brother
El padre (jefe de la confederación)	The father (confederation chief)
El rey (anciano)	The king (elder)
Elefante de guerra	War elephant
Empalizada modular	Modular palisade
Escombros	Rubble
Escudo ceremonial del culto	Cult ceremonial shield
Escudo de cuero endurecido	Hardened leather shield
Escudo de madera con umbo	Bossed wooden shield
Escudo redondo de mimbre	Round wicker shield
Espada ceremonial del padre	Father's ceremonial sword
Espada larga	Longsword
Estandarte con la tamga del padre	Banner with father's tamga
Estribos (par)	Stirrups (pair)
Explorador	Scout
Faldar de escamas de hierro	Iron scale tassets
Faldar de fieltro acolchado	Padded felt tassets
Faldar de malla	Mail tassets
Faldar laminar de cuero	Leather lamellar tassets
Faldar ritual del culto	Cult ritual tassets
Flecha silbadora (señales)	Whistling arrow (signals)
Fogata	Campfire
Forja portátil	Portable forge
Forraje	Fodder
Fundición / taller industrial	Foundry / workshop
Gorjal / cofia de escamas de hierro	Iron scale gorget
Gorjal / cofia de fieltro acolchado	Padded felt gorget
Gorjal / cofia de malla	Mail coif
Gorjal / cofia laminar de cuero	Leather lamellar gorget
Gorjal / cofia ritual del culto	Cult ritual gorget
Granate	Garnet
Granero	Granary
Grebas (par) de escamas de hierro	Iron scale greaves (pair)
Grebas (par) de malla	Mail greaves (pair)
Grebas (par) laminar de cuero	Leather lamellar greaves (pair)
Grebas (par) ritual del culto	Cult ritual greaves (pair)
Grieta de glaciar	Glacier crevasse
Grilletes y cadenas	Shackles and chains
Guanteletes (par) de escamas de hierro	Iron scale gauntlets (pair)
Guanteletes (par) de malla	Mail gauntlets (pair)
Guanteletes (par) laminar de cuero	Leather lamellar gauntlets (pair)
Guanteletes (par) ritual del culto	Cult ritual gauntlets (pair)
Guerrero nómada	Nomad warrior
Guja	Glaive
Guja de hoja ancha	Broad-bladed glaive
Hacha ceremonial	Ceremonial axe
Hacha de mano	Hand axe
Halcón (cetrería)	Falcon (falconry)
Harapos de prisionero	Prisoner rags
Haz de leña	Bundle of firewood
Hebilla de cinturón de bronce	Bronze belt buckle
Hebilla de cinturón de oro	Gold belt buckle
Hebilla de cinturón de plata	Silver belt buckle
Herrero	Smith
Hierba alta (escondite)	Tall grass (hiding)
Hierbas curativas	Healing herbs
Hoguera grande	Large bonfire
Hombreras (par) de escamas de hierro	Iron scale pauldrons (pair)
Hombreras (par) de fieltro acolchado	Padded felt pauldrons (pair)
Hombreras (par) de malla	Mail pauldrons (pair)
Hombreras (par) laminar de cuero	Leather lamellar pauldrons (pair)
Hombreras (par) ritual del culto	Cult ritual pauldrons (pair)
Honda	Sling
Horno de cocina de barro	Clay cooking oven
Horno de fundición de acero	Steel furnace
Horno de fundición de bronce	Bronze furnace
Huesos	Bones
Jade	Jade
Jaula de cautivos para el sacrificio	Sacrifice captive cage
Jaula de prisioneros	Prisoner cage
Jinete arquero	Horse archer
Kurgán (túmulo funerario)	Kurgan (burial mound)
La madre	The mother
Lana de cabra	Goat wool
Lanza	Spear
Lanza de caballería de doble punta	Double-tipped cavalry lance
Lapislázuli	Lapis lazuli
Lazo	Lasso
Lazo con plomadas	Weighted lasso
Leche	Milk
Leopardo de las nieves	Snow leopard
Liquen y musgo de tundra	Tundra lichen and moss
Mantelete	Mantlet
Mata de hierbas curativas	Healing herb patch
Maza	Mace
Maza de bronce con cabeza de tigre	Tiger-head bronze mace
Mercenario	Mercenary
Miel silvestre	Wild honey
Mineral de cobre	Copper ore
Mineral de estaño	Tin ore
Mineral de hierro	Iron ore
Mochila grande	Large backpack
Mochila mediana	Medium backpack
Mochila pequeña	Small backpack
Molino	Mill
Mosca (nube)	Fly (cloud)
Mosquete de mecha	Matchlock musket
Mosquetero	Musketeer
Mosquito (nube)	Mosquito (cloud)
Muralla modular	Modular city wall
Muro de piedra seca	Dry stone wall
Muro en ruinas	Ruined wall
Máscara ritual del culto	Cult ritual mask
Niño	Child
Nómada del desierto	Desert nomad
Oasis	Oasis
Obrero de la fundición	Foundry worker
Odre de airag (leche de yegua)	Airag skin (mare's milk)
Odre de cuero	Leather waterskin
Oficial imperial	Imperial officer
Oro	Gold
Oveja	Sheep
Ovoo (túmulo de piedras chamánico)	Ovoo (shamanic cairn)
Pala	Shovel
Palacio imperial	Imperial palace
Palmera datilera	Date palm
Pan del imperio	Imperial bread
Pantalón de montar	Riding trousers
Pastor	Herder
Pavés imperial	Imperial pavise
Pedernal	Flint
Perla	Pearl
Perro pastor (mastín)	Sheepdog (mastiff)
Pescador de los fiordos	Fjord fisher
Pez (banco)	Fish (shoal)
Peñasco (escalable)	Crag (climbable)
Pica imperial	Imperial pike
Piedra con mensaje cifrado	Stone with coded message
Piedra de honda	Sling stone
Piedra-ciervo	Deer stone
Piedras	Stones
Piel de coyote	Coyote pelt
Piel de hiena	Hyena pelt
Piel de lobo	Wolf pelt
Piel de oso	Bear pelt
Piel de puma	Puma pelt
Piel de reno	Reindeer pelt
Piel de tigre	Tiger pelt
Pieles curtidas	Tanned hides
Pila de cráneos del culto	Cult skull pile
Pino	Pine
Placa de arreo de estilo animal del padre	Father's animal-style harness plaque
Plata	Silver
Plumas	Feathers
Poste de castigo	Punishment post
Poste tótem del clan	Clan totem pole
Prisionero	Prisoner
Protagonista ({NOMBRE})	Protagonist ({NOMBRE})
Puerta de la ciudad	City gate
Queso seco	Dried cheese
Refugiado	Refugee
Refugio de ramas y pieles	Branch and hide shelter
Refugio excavado en la nieve	Snow dugout shelter
Reno de tiro	Draft reindeer
Roca mediana	Medium rock
Roca pequeña	Small rock
Rollo de cuerda	Coil of rope
Sable curvo	Curved sabre
Sable de acero damasquinado	Damascus steel sabre
Sacerdote del culto	Cult priest
Saco de grano	Sack of grain
Saxaúl (arbusto del desierto)	Saxaul (desert shrub)
Secadero de carne	Meat drying rack
Seda	Silk
Silla de montar	Saddle
Soldado ballestero	Crossbow soldier
Soldado lancero	Spear soldier
Suelo: Altiplano glaciar	Ground: glacial plateau
Suelo: Bosque de coníferas	Ground: conifer forest
Suelo: Costa de fiordos	Ground: fjord coast
Suelo: Desierto	Ground: desert
Suelo: Estepa	Ground: steppe
Sulde (estandarte de crines)	Sulde (horsehair banner)
Tablilla de madera cifrada	Coded wooden tablet
Tambor chamánico	Shaman drum
Tatuaje de la tamga	Tamga tattoo
Tatuaje de olas	Wave tattoo
Tatuaje del ciervo	Deer tattoo
Tatuaje del grifo	Griffin tattoo
Tatuaje del lobo	Wolf tattoo
Telar de fieltro	Felt loom
Templo del culto	Cult temple
Tendones	Sinew
Tienda ligera de viaje	Light travel tent
Torre de asedio	Siege tower
Tramo de río modular	Modular river section
Trebuchet	Trebuchet
Trepa (gancho con cuerda)	Grapple (hook and rope)
Trinchera	Trench
Trineo	Sled
Troncos	Logs
Tumba helada del padre	Father's frozen tomb
Turquesa	Turquoise
Témpano de hielo	Ice floe
Tótem del ciervo	Deer totem
Tótem del lobo	Wolf totem
Tótem del tigre	Tiger totem
Tótem del águila	Eagle totem
Túnica campesina	Peasant tunic
Túnica del culto	Cult robe
Uniforme imperial	Imperial uniform
Velero	Sailboat
Verdugo	Executioner
Vino	Wine
Virote de ballesta	Crossbow bolt
Yak	Yak
Yunque	Anvil
Yunta de bueyes con carreta	Ox team with wagon
Yurta común	Common yurt
Yurta del jefe	Chief's yurt
Yurta enfermería	Infirmary yurt
Yurta quemada	Burnt yurt
Zorro	Fox
Águila (cetrería)	Eagle (falconry)
Ámbar	Amber
Ídolo del culto	Cult idol
# --- src/game/actions_game.c
 (%d no caben)	 (%d don't fit)
 (%d sin ración)	 (%d unfed)
 (enfundado)	 (sheathed)
 (lo que no cabe, al acopio)	 (the rest goes to the store)
 (silla para montarlo)	 (saddle it to ride)
 · OCULTO	 · HIDDEN
 · montado	 · mounted
%d bebieron agua cruda y les cayeron los espíritus malditos (hace falta leña para hervirla).	%d drank raw water and the cursed spirits fell upon them (firewood is needed to boil it).
%d pasaron sed: no hay agua cerca ni en el acopio.	%d went thirsty: no water nearby or in the stockpile.
%s no se empuña.	%s can't be wielded.
%s terminó: %s.	%s finished: %s.
%s · Enter o clic otra vez: reparar	%s · Enter or click again: repair
, antorcha	, torch
, lleva algo	, carrying
Acciones	Actions
Campamento de las estelas	Camp of the Stelae
Cuadrilla de %d · se levanta 6 m delante de ti	Crew of %d · built 6 m ahead of you
Demasiadas obras a la vez.	Too many works at once.
Desenfundaste.	You draw your weapons.
Desmonta antes de trepar (R).	Dismount before climbing (R).
Desmontaste.	You dismount.
Día %d: comieron %d%s, recolectaron %d. Ánimo del campamento %+.0f.	Day %d: %d ate%s, %d gathered. Camp morale %+.0f.
El %s está demasiado entero: debilítalo peleando antes del lazo.	The %s is too strong: weaken it in a fight before the lasso.
El %s se zafó del lazo.	The %s slipped the lasso.
El horno: elige qué fabricar.	The oven: choose what to make.
Empuñadura: %s.	Grip: %s.
Empuñas: %s.	You wield: %s.
Empuñe: %s%s%s%s%s%s	Grip: %s%s%s%s%s%s
Encendiste la antorcha (mano izquierda).	You light the torch (left hand).
Enfundaste las armas: manos libres.	Weapons sheathed: hands free.
Fabricando: %s.	Crafting: %s.
Fabricar	Craft
Falta en el acopio: %s (%d de %d).	Missing from the store: %s (%d of %d).
Falta: %s (%d de %d).	Missing: %s (%d of %d).
Forjado	Forged
Forjando: %s.	Forging: %s.
Hace falta un %s en la tribu.	The tribe needs a %s.
Hace falta: %s.	Needs: %s.
Haciendo: %s %d%%	Making: %s %d%%
Hecho	Made
Hecho: %s.	Done: %s.
Hierves el agua: +%d agua hervida, sin espíritus malditos.	You boil the water: +%d boiled water, free of cursed spirits.
La trepa se engancha: ¡a escalar!	The grapple holds: climb!
Lanzaste: %s.	You threw: %s.
Llenas el odre: +%d agua cruda. Hiérvela junto a un fuego antes de beberla (o bebe con riesgo).	You fill the waterskin: +%d raw water. Boil it by a fire before drinking (or drink at your own risk).
Montaste el %s.	You mount the %s.
Montura instalada: R para montar.	Saddle on: R to ride.
Nada que reparar	Nothing to repair
Necesitas una mano libre (enfunda con la tecla de su casilla, 1 a 9).	You need a free hand (sheathe with its slot key, 1 to 9).
Ninguna pieza gastada a mano	No worn gear at hand
No cabe en la mochila: llevas %s en brazos (T para soltarlo).	Won't fit in the pack: you carry %s in your arms (T to drop).
No hay nada que tomar al alcance.	Nothing within reach to take.
No hay un animal domado cerca para ensillar.	No tamed animal nearby to saddle.
No hay un animal salvaje a tiro de lazo delante.	No wild animal in lasso range ahead.
No hay un muro a tiro de trepa delante.	No wall in grapple range ahead.
No hay una montura ensillada cerca (lazo + silla).	No saddled mount nearby (lasso + saddle).
No llevas nada para lanzar (F para tomar).	You carry nothing to throw (F to take).
No se puede: el escudo va en el brazo izquierdo y las armas a dos manos, en las dos (%s).	Can't: the shield goes on the left arm and two-handed weapons in both (%s).
No te cabe: %s.	No room for: %s.
No te caben más hierbas.	No room for more herbs.
No tienes %s.	You don't have %s.
No tienes agua cruda que hervir (llena el odre en la orilla).	You have no raw water to boil (fill the waterskin at the shore).
No tienes armas que enfundar.	You have no weapons to sheathe.
Obra iniciada: %s. La cuadrilla va en camino.	Work started: %s. The crew is on its way.
Obra terminada: %s.	Work finished: %s.
Obras	Works
Para cribar hay que estar en la orilla, mirando al agua.	To pan you must stand on the shore, facing the water.
Para hervir el agua hace falta un fuego encendido cerca.	Boiling water needs a lit fire nearby.
Para llenar el odre hay que estar en la orilla, mirando al agua, o junto a un pozo.	To fill the waterskin you must stand on the shore, facing the water, or next to a well.
Pasas el arma a la otra mano: %s.	You switch the weapon to the other hand: %s.
Q / E cambia de pestaña	Q / E switches tab
Recoges %d hierbas curativas.	You gather %d healing herbs.
Reparar	Repair
Requiere: %s	Requires: %s
Sacas agua del pozo: +%d agua limpia (no hace falta hervirla).	You draw water from the well: +%d clean water (no need to boil it).
Te falta: %s.	You lack: %s.
Tomas %d cosas%s.	You take %d things%s.
Tomaste: %s (T para lanzarlo).	You took: %s (T to throw it).
Tomaste: %s.	You took: %s.
Tus odres ya están llenos.	Your waterskins are already full.
Un %s no se puede montar.	A %s can't be ridden.
Un animal así no se doma (%s): solo se caza.	That animal can't be tamed (%s): only hunted.
Vacío	Empty
Ya es de la tribu.	It already belongs to the tribe.
Ya estás fabricando algo: %s.	You are already crafting: %s.
Ya llevas algo: T para lanzarlo.	You already carry something: T to throw it.
a mano	by hand
da %d x %s · va a la mochila (o al acopio)	makes %d x %s · goes to the pack (or the store)
en el acopio	in the store
falta	missing
guardada	stored
lo tienes	you have it
no lo tienes a mano	not at hand
puesta	worn
sin cuadrilla	no crew
tienes %d %s, hacen falta %d	you have %d %s, %d needed
y un %s en la tribu	and a %s in the tribe
¡Atrapaste al %s con el lazo! Dale carne (F) antes de que se suelte.	You lassoed the %s! Give it meat (F) before it breaks free.
¡Domaste: %s! Ahora sigue a la tribu%s.	Tamed: %s! It now follows the tribe%s.
# --- src/game/apparel_game.c
%s se pone: %s.	%s puts on: %s.
# --- src/game/camp_game.c
%s aprende %s: 	%s learns %s: 
%s empieza a aprender el oficio de %s.	%s starts learning the %s trade.
%s sale a buscar gente nueva para %s.	%s sets out to find new people for %s.
%s vuelve con %s: se une a %s.	%s returns with %s, who joins %s.
%s ya es %s (%s).	%s is now a %s (%s).
%s · %.0f s · maestros: %d	%s · %.0f s · masters: %d
%s, guardián de %s	%s, keeper of %s
Acopio: 	Store: 
Adiós	Farewell
Alguien sin tarea puede salir a buscar gente por los campamentos de la estepa. Lleva: %s. Tarda unos %.0f s.	Someone without a task can go looking for people across the steppe camps. Takes: %s. Lasts about %.0f s.
Aquí podría nacer un campamento, pero no tienes escolta para nombrar un guardián (Y).	A camp could be born here, but you have no escort to name a keeper (Y).
Aquí puede nacer un campamento. Hace falta un guardián que lo administre: ¿a quién de tu escolta nombras?	A camp can be born here. It needs a keeper to run it: whom from your escort do you name?
Campamento %d	Camp %d
Capacitar	Train
Construir	Build
Disolver	Dissolve
Disolver el campamento	Dissolve the camp
El campamento está en orden. Somos %d (%d sin tarea) y hay %d tareas en marcha. ¿Qué ordenas?	The camp is in order. We are %d (%d idle) with %d tasks under way. Your orders?
Enseñar un oficio a alguien sin tarea	Teach a trade to someone idle
Escolta	Escort
Estado	Status
Gente, tareas y acopio	People, tasks and store
Gente: %d. 	People: %d. 
Irá %s	%s will go
La tribu	The tribe
Listo	Done
Mandar a alguien a buscar gente nueva	Send someone to find new people
Nace %s. %s queda de guardián: háblale (F) para administrarlo.	%s is born. %s stays as keeper: talk to them (F) to run it.
No fundar	Don't found
No hay nadie sin tarea	Nobody is idle
No se puede deshacer	It can't be undone
Nombrar guardián a %s (se queda aquí)	Name %s keeper (stays here)
Que salga a reclutar	Send out to recruit
Quién sale contigo del campamento	Who leaves the camp with you
Reclutando: 	Recruiting: 
Reclutar	Recruit
Se disuelve %s: arden las estructuras y se pierde todo el acopio (%d cosas): no había carreta ni alforjas cerca.	%s is dissolved: the structures burn and the whole store is lost (%d things): no cart or saddlebags nearby.
Se disuelve %s: arden las estructuras; cargan %d cosas, se pierden %d.	%s is dissolved: the structures burn; %d things loaded, %d lost.
Se queman las estructuras y la gente te sigue	The structures burn and the people follow you
Una obra con el acopio de este campamento	A work using this camp's store
Volver	Back
Volvió sin nadie: la tribu está llena.	Came back alone: the tribe is full.
nada	nothing
ocupado en una tarea	busy with a task
te sigue · clic: que se quede	follows you · click: stay
¿A quién capacitamos? Mientras aprende no hace otra cosa.	Whom shall we train? While learning they do nothing else.
¿Disolvemos el campamento? No hay carreta cerca: solo se llevará lo que quepa en las alforjas y en nuestras mochilas. El resto arderá.	Dissolve the camp? There's no cart nearby: only what fits in the saddlebags and our backpacks goes. The rest will burn.
¿Disolvemos el campamento? Quemaremos las estructuras, cargaremos en la carreta y en nuestras mochilas lo que quepa y te seguiremos.	Dissolve the camp? We'll burn the structures, load what fits in the cart and our backpacks, and follow you.
¿Quién sale contigo? Los marcados ya te siguen. La escolta no trabaja en las obras.	Who comes with you? The marked ones already follow you. The escort doesn't work on builds.
¿Qué levantamos? La cuadrilla sale de la gente sin tarea de este campamento.	What shall we raise? The crew comes from this camp's idle people.
¿Qué oficio aprende %s? Un maestro del oficio en el campamento lo acelera mucho.	Which trade does %s learn? A master of the trade in camp speeds it up a lot.
# --- src/game/combat_game.c
 (la armadura amortigua)	 (armor softens it)
 con el arma	 with the weapon
 y se rompe	 and breaks
 · ENCENDIDA (%.0f s)	 · LIT (%.0f s)
 · Mayús+L: encender	 · Shift+L: light
 · recargando	 · reloading
 · sangra	 · bleeding
%s Mueres. Vuelves en %s; tus huesos quedan donde caíste (moral -8).	%s You die. You return at %s; your bones stay where you fell (morale -8).
%s del %s contra tu guardia: la pierdes.	%s from the %s against your guard: you lose it.
%s del %s: ¡te derriba!	%s by the %s: you go down!
%s del %s: ¡te tira del caballo!	%s by the %s: you're thrown from your horse!
%s le arranca el escudo al %s.	%s rips the shield from the %s.
%s mató a un %s.	%s killed a %s.
%s murió de sus heridas. La tribu está de luto (moral -6).	%s died of their wounds. The tribe mourns (morale -6).
%s te levanta y te venda. ¡Sigue en pie!	%s lifts you up and binds you. Keep going!
%s te venda las heridas.	%s binds your wounds.
%s tumbó a un %s: queda abatido.	%s knocked down a %s: it lies downed.
%s: %s derriba al %s.	%s: %s knocks down the %s.
%s: el %s se tambalea.	%s: the %s staggers.
%s: ¡derribas al %s del caballo!	%s: you unhorse the %s!
%s: ¡el %s cae al suelo!	%s: the %s hits the ground!
%s: ¡le arrancas el escudo al %s!	%s: you rip the %s's shield away!
; se rompe la pieza	; the piece breaks
A caballo no hay parry.	No parry on horseback.
A caballo no: solo golpe (H) y golpe pesado (mantener H).	Not on horseback: only strike (H) and heavy strike (hold H).
A caballo no: solo golpe y golpe pesado.	Not on horseback: only strike and heavy strike.
Abatido: F lo toma prisionero · H o K lo rematan	Downed: F takes them prisoner · H or K finishes them
Acércate a un fuego (fogata, hoguera o algo que arda) para encender la flecha.	Get near a fire (campfire, bonfire or anything burning) to light the arrow.
Agarrar: rehén	Grab: hostage
Agarras al %s por el cuello: es tu rehén.	You grab the %s by the neck: your hostage.
Agarre	Grapple
Arma	Weapon
Arrollas al %s con el caballo: queda abatido.	You ride down the %s: it lies downed.
Arrollas al %s con el caballo: queda en el suelo. Deja botín (F).	You ride down the %s: it stays down. Loot dropped (F).
Atacar	Attack
Atas al %s y lo tomas prisionero; lo que llevaba queda en el suelo (F).	You tie up the %s and take them prisoner; what they carried stays on the ground (F).
Bajar el arma	Lower the weapon
Carga con escudo	Shield charge
Con esta lluvia la flecha no prende.	The arrow won't light in this rain.
Con un arma a distancia en las manos no puedes agarrar a nadie.	You can't grab anyone with a ranged weapon in your hands.
Con un arma a distancia no hay parry.	No parry with a ranged weapon.
Con un rehén solo tienes una mano libre.	With a hostage you only have one free hand.
Cubrirse	Guard
Desvías el golpe del %s: ¡queda abierto!	You deflect the %s's blow: it's wide open!
Disparar	Shoot
Ejecutar al rehén	Execute the hostage
Ejecutas al %s delante de los suyos.	You execute the %s in front of their own.
El %s cae abatido: F lo toma prisionero; H lo remata.	The %s goes down: F takes them prisoner; H finishes them.
El %s deja botín (F para recogerlo).	The %s drops loot (F to pick up).
El %s despierta y huye a avisar a los suyos.	The %s wakes up and runs off to warn their own.
El %s para tu %s%s.	The %s blocks your %s%s.
El %s se espanta ante las pieles de fiera y retrocede.	The %s is frightened by the beast pelts and backs off.
El %s se zafa del agarre: ¡quedas expuesto!	The %s breaks the hold: you're exposed!
El golpe del %s alcanza a tu montura.	The %s's blow hits your mount.
Empujar al rehén	Shove the hostage
Empujas al %s: cae de bruces.	You shove the %s: they fall flat on their face.
Escudo contra escudo: los dos os tambaleáis.	Shield against shield: you both stagger.
Estás abatido	You are down
Flecha encendida: dispara antes de que se apague.	Arrow lit: shoot before it goes out.
G agarra por la espalda (sin que te vean, o a uno aturdido). La mochila va con Mayús+G.	G grabs from behind (unseen, or a stunned foe). The backpack is Shift+G.
G: lo agarras por el cuello y te cubres con él; los suyos no se acercan ni disparan.	G: grab them by the neck and shield yourself; their own won't come closer or shoot.
G: lo sueltas.	G: let them go.
Gancho	Hook
Golpe	Strike
Golpe de escudo	Shield bash
Golpe pesado	Heavy strike
H junto a un abatido: lo rematas (a la tribu no le es indiferente).	H next to a downed foe: you finish them (the tribe cares).
H o clic: golpe (encadena hasta tres). Mantener: golpe pesado.	H or click: strike (chains up to three). Hold: heavy strike.
H o clic: tensa y suelta. Apunta al objetivo (o al más cercano delante).	H or click: draw and release. Aims at the target (or the nearest one ahead).
J o clic derecho, mantener: el escudo cubre el frente. Con H, golpe de escudo.	J or right click, hold: the shield covers your front. With H, shield bash.
J o clic derecho, mantener: paras con el arma; aguanta la mitad y cansa.	J or right click, hold: parry with your weapon; it stops half and tires you.
J: baja el arma (si llevas escudo, te cubre).	J: lower the weapon (with a shield, it covers you).
K junto a un abatido: lo rematas (a la tribu no le es indiferente).	K next to a downed foe: you finish them (the tribe cares).
K justo antes del golpe enemigo: desvías y queda abierto un segundo. A destiempo, quedas expuesto.	K just before the enemy's blow: you deflect and leave it open for a second. Mistimed, you're exposed.
K justo antes del golpe enemigo: enganchas su escudo y se lo arrancas. A destiempo, quedas expuesto.	K just before the enemy's blow: you hook its shield and tear it away. Mistimed, you're exposed.
K justo antes del golpe enemigo: llave y derribo, y lo desarmas. A destiempo, quedas expuesto.	K just before the enemy's blow: lock and takedown, and you disarm it. Mistimed, you're exposed.
K: lo ejecutas delante de los suyos.	K: you execute them in front of their own.
K: lo matas en silencio; solo lo oyen los que están a menos de 6 m.	K: a silent kill; only those within 6 m hear it.
L: carga con el escudo; empuja y tumba al primero que encuentra.	L: shield charge; shoves and knocks down the first one in the way.
L: lo empujas y cae de bruces.	L: you shove them and they fall flat.
L: patada que empuja y desequilibra. Corriendo, patada a la carrera.	L: a kick that shoves and staggers. Running, a running kick.
La flecha encendida se apagó.	The fire arrow went out.
La flecha ya arde: ¡dispara!	The arrow is burning: shoot!
La lluvia apaga la flecha.	The rain puts out the arrow.
La tribu no tiene sitio para más gente.	The tribe has no room for more people.
Le agarras el brazo armado y lo desarmas con una llave: ¡el %s cae!	You seize the weapon arm and disarm with a lock: the %s falls!
Le das al %s: %s.	You hit the %s: %s.
Levantas a %s, pero sin hierbas sigue sangrando.	You lift %s, but without herbs the bleeding goes on.
Levantas y vendas a %s.	You lift and bind %s.
Matas al %s: deja botín (F para recogerlo).	You kill the %s: it leaves loot (F to pick it up).
Nadie llega a socorrerte.	No one comes to help you.
No hay heridas que vendar.	No wounds to bind.
No llevas hierbas curativas (I: inventario).	You carry no healing herbs (I: inventory).
No logras arrancarle el escudo al %s.	You fail to rip away the %s's shield.
No te quedan %ss a mano (I: inventario).	No %ss left at hand (I: inventory).
Objetivo: %s.	Target: %s.
Parar con el arma	Parry with the weapon
Paras con el arma el ataque del %s: aguanta la mitad.	You parry the %s's attack with your weapon: it stops half.
Paras con el arma el golpe del %s: aguanta la mitad y cansa.	You parry the %s's blow with your weapon: it stops half and tires you.
Paras el ataque del %s con el escudo.	You block the %s's attack with your shield.
Paras el golpe del %s.	You block the %s's blow.
Parry	Parry
Parry a destiempo: ¡quedas expuesto!	Mistimed parry: you're exposed!
Parry al aire: nadie te está golpeando. Quedas expuesto.	Parry at thin air: no one is striking you. You're exposed.
Patada	Kick
Patada a la carrera	Running kick
Por la espalda	From behind
Por la espalda: K lo ejecuta en silencio · G lo toma de rehén	From behind: K kills silently · G takes a hostage
Por la espalda: el %s cae sin un grito.	From behind: the %s falls without a cry.
Por la espalda: el %s cae sin un grito... pero alguien lo oyó.	From behind: the %s falls without a cry... but someone heard it.
Rehén: G lo suelta · K lo ejecuta · L lo empuja	Hostage: G lets go · K executes · L shoves
Rematar	Finish off
Rematas al %s de un flechazo. Deja botín (F).	You finish the %s with an arrow. It leaves loot (F).
Rematas al %s: deja botín (F). La tribu lo ve.	You finish the %s: it leaves loot (F). The tribe sees it.
Si tu escolta está cerca, te levantará; si no, la tribu te buscará.	If your escort is near, they'll lift you; if not, the tribe will find you.
Sin escudo no puedes hacer eso.	You can't do that without a shield.
Solo las flechas y los virotes se encienden.	Only arrows and bolts can be lit.
Soltar al rehén	Let the hostage go
Sueltas al %s.	You let the %s go.
Sueltas al rehén para montar.	You let the hostage go to mount.
Te ataca un %s: %s.	A %s attacks you: %s.
Te desangras.	You bleed out.
Te hieren: %s.	You're wounded: %s.
Te levantas.	You get up.
Te untas el ungüento: cierra las heridas y corta el veneno.	You apply the salve: it closes wounds and stops poison.
Te vendas %d herida%s con hierbas curativas.	You bind %d wound%s with healing herbs.
Te zafas del agarre del %s.	You break the %s's hold.
Tu arma no tiene gancho (hacha, guja o alabarda).	Your weapon has no hook (axe, glaive or halberd).
Tu golpe pesado rompe la guardia del %s.	Your heavy strike breaks the %s's guard.
Un %s mata a un %s.	A %s kills a %s.
Un %s tumba a un %s.	A %s knocks down a %s.
Una %s alcanza a %s en %s.	A %s hits %s in %s.
Vendas las heridas de %s.	You bind %s's wounds.
golpe	strike
la armadura para el golpe%s	the armor stops the blow%s
patada con el escudo: pierde la guardia	kick with the shield: loses guard
¡%s cae herido! Acércate y pulsa B para levantarlo.	%s is down! Get close and press B to lift them.
¡Arqueros! Busca cubrirte o acércate rápido.	Archers! Take cover or close in fast.
¡Arrollas al %s con el caballo!	You ride down the %s!
¡Bandidos! Vienen a por tu botín.	Bandits! They're after your loot.
¡Con el golpe se te escapa el rehén!	The blow makes you lose your hostage!
¡Diana! El %s cae abatido (%s).	Bullseye! The %s goes down (%s).
¡Diana! Matas al %s (%s).	Bullseye! You kill the %s (%s).
¡El %s te arranca el escudo! (1 a 9 para volver a empuñar)	The %s tears your shield away! (1 to 9 to wield again)
¡El %s te desarma con una llave! (1 a 9 para volver a empuñar)	The %s disarms you with a lock! (1 to 9 to wield again)
¡Fanáticos del culto! Buscan prisioneros para el sacrificio.	Cult fanatics! They seek prisoners for sacrifice.
¡Golpeaste el nido! Ahí vienen...	You hit the nest! Here they come...
¡Jinetes bandidos al galope! Derríbalos del caballo.	Bandit riders galloping in! Knock them off their horses.
¡Parry! El %s queda abierto.	Parry! The %s is wide open.
¡Te muerde un %s: veneno! Véndate con hierbas (B).	A %s bites you: poison! Bind it with herbs (B).
¡Un %s derriba a %s! Acércate y pulsa B.	A %s knocks down %s! Get close and press B.
¡Una %s te alcanza! %s.	A %s hits you! %s.
# --- src/game/death_game.c
el campamento	the camp
# --- src/game/dialog.c
Esc	Esc
volver	back
# --- src/game/disasters_game.c
%d estructura%s sin mantenimiento: la lluvia torrencial puede derrumbarla%s (faltan troncos o constructores).	%d structure%s unmaintained: heavy rain may bring %s down (need logs or builders).
El fuego reduce a cenizas: %s.	Fire burns to ashes: %s.
Escampó: la tribu vuelve a encender las fogatas.	The rain stops: the tribe relights the fires.
Humo en el horizonte: ¡un incendio en la estepa seca!	Smoke on the horizon: a wildfire on the dry steppe!
La flecha encendida prende fuego.	The fire arrow sets things alight.
La lluvia apaga las fogatas del campamento.	The rain puts out the camp fires.
La lluvia apaga tu antorcha.	The rain puts out your torch.
La lluvia torrencial derrumba: %s (sin mantenimiento).	Heavy rain brings down: %s (unmaintained).
La tribu repara %d estructura%s (troncos del acopio).	The tribe repairs %d structure%s (logs from the store).
¡El fuego llega al campamento!	The fire reaches the camp!
¡Te alcanza un rayo! Aléjate de lo alto durante la tormenta.	Lightning strikes you! Keep off high ground in storms.
¡Te quemas! Sal del fuego.	You're burning! Get out of the fire.
¡Un rayo cae sobre: %s!	Lightning strikes: %s!
# --- src/game/fauna_game.c
 (el fuego los espanta)	 (fire drives them off)
 (no te cabe todo: %d se quedan)	 (not all fits: %d left behind)
 ¡Corre, métete al agua o usa humo!	 Run, get in the water or use smoke!
%s %s: +%d carne fresca, +%d pieles%s	%s %s: +%d fresh meat, +%d hides%s
Abatiste: %s. F para despiezarlo.	You brought down: %s. F to butcher it.
Aparecen cerca: %s.	Nearby: %s.
Cerca de ti, un cazador (%s) abate a su presa (%s).	Near you, a hunter (%s) takes its prey (%s).
Colmena: enciende la antorcha (humo) antes de tomar la miel	Beehive: light your torch (smoke) before taking honey
Cortas hierba alta: +%d forraje para los animales.	You cut tall grass: +%d fodder for the animals.
Das de beber al %s.	You give the %s water.
Das de comer al %s.	You feed the %s.
Despiezas	You butcher
El %s de la tribu tiene hambre: dale carne (F) o déjalo cazar.	The tribe's %s is hungry: give it meat (F) or let it hunt.
El %s de la tribu tiene hambre: llévalo a pastar o dale forraje (F).	The tribe's %s is hungry: take it to graze or give it fodder (F).
El %s de la tribu tiene sed: llévalo al agua o dale de beber (F, con agua).	The tribe's %s is thirsty: take it to water or give it a drink (F, with water).
El %s está débil: ¡lánzale el lazo (menú) y dale carne!	The %s is weak: lasso it (menu) and feed it meat!
El %s se fue: pasó demasiada hambre y vuelve a ser salvaje.	The %s left: it went hungry too long and turned wild again.
El %s se fue: pasó demasiada sed y vuelve a ser salvaje.	The %s left: it was too thirsty and goes wild again.
El %s tiene hambre: necesitas carne, o déjalo cazar.	The %s is hungry: you need meat, or let it hunt.
El %s tiene hambre: necesitas forraje (corta hierba alta con F), o llévalo a pastar.	The %s is hungry: you need fodder (cut tall grass with F), or take it to graze.
El humo calma a las abejas: tomas miel (+2).	Smoke calms the bees: you take honey (+2).
Esta colmena ya no tiene miel hoy.	This hive has no more honey today.
Este animal no da leche (Mayús+F: sacrificar).	This animal gives no milk (Shift+F: slaughter).
F: dar carne al %s (tiene hambre)	F: give meat to the %s (hungry)
F: dar de beber al %s (tiene sed)	F: give water to the %s (thirsty)
F: dar de comer al %s atado (%.0f s)	F: feed the tied %s (%.0f s)
F: dar forraje al %s (tiene hambre)	F: give fodder to the %s (hungry)
F: despiezar (%s)	F: butcher (%s)
F: ordeñar · Mayús+F: sacrificar (%s)	F: milk · Shift+F: slaughter (%s)
F: tomar miel (el humo calma a las abejas)	F: take honey (the smoke calms the bees)
Hieres al %s: %s.	You wound the %s: %s.
Le das carne al %s: ¡ahora es de la tribu y te defenderá!	You feed the %s: now it's the tribe's and will defend you!
Los peces se escapan entre tus piernas.	The fish slip between your legs.
Mayús+F: sacrificar (%s)	Shift+F: slaughter (%s)
Necesitas llevar carne para darle de comer al %s.	You need meat to feed the %s.
No hay ningún animal con el que hacer algo aquí.	No animal to deal with here.
No te cabe más forraje.	No room for more fodder.
Ordeñas la %s: +%d leche.	You milk the %s: +%d milk.
Rivales (%s) pelean por el territorio: el perdedor se retira.	Rivals (%s) fight for territory: the loser retreats.
Sacrificas	You slaughter
Se soltó del lazo sin comer: %s. ¡Cuidado!	Broke free of the lasso unfed: %s. Careful!
Te pican: %s.%s	Stung by: %s.%s
Tu %s caza: %s.	Your %s hunts: %s.
Una es %s.	One is a %s.
Ya ordeñaste hoy a este animal.	You already milked this animal today.
¡La flecha atraviesa un pez! (+1 carne fresca)	Your arrow spears a fish! (+1 fresh meat)
¡Las abejas defienden la colmena! Hace falta humo (antorcha encendida).	The bees defend the hive! You need smoke (lit torch).
¡Pescaste un pez! (+1 carne fresca)	You caught a fish! (+1 fresh meat)
¡Pescaste un pez! Pero no te cabe: lo sueltas.	You caught a fish! But no room: you let it go.
¡Tu montura cayó! Sigues a pie.	Your mount fell! You go on foot.
# --- src/game/gems_game.c
%s: %d x %s.	%s: %d x %s.
%s: %s, pero no te cabe.	%s: %s, but it doesn't fit.
Al cavar desentierras	Digging, you unearth
Del arrecife sacas	From the reef you take
En la criba queda	Left in the sieve
La roca se agrieta (%d %%).	The rock cracks (%d %%).
La roca se parte: solo piedras.	The rock splits: just stones.
Solo arena y guijarros. Prueba otra vez.	Only sand and pebbles. Try again.
Solo coral quebradizo, sin valor	Only brittle, worthless coral
¡La roca se parte y brilla algo!	The rock splits and something gleams!
# --- src/game/hazards_game.c
 y 	 and 
 · barro	 · mud
 · hielo	 · ice
 · mojado	 · wet
 · nadando	 · swimming
 · sol fuerte	 · strong sun
 · vadeando	 · wading
%s %s te tiende la lanza.	%s %s holds out a spear to you.
%s %s. La tribu está de luto (moral -6).	%s %s. The tribe mourns (morale -6).
, pero se tragó 	, but it swallowed 
; se hundió 	; sunk: 
Escapaste de la arena%s%s.	You escaped the sand%s%s.
La escolta vuelve al campamento.	The escort returns to camp.
No hay nadie libre cerca para acompañarte.	Nobody free nearby to go with you.
Noche helada: faltó leña (%d de %d). La tribu pasó frío (moral -4).	Freezing night: short of firewood (%d of %d). The tribe was cold (morale -4).
Pulsa las teclas en orden  ·  errores %d/%d	Press the keys in order  ·  mistakes %d/%d
Saliste a duras penas, helado%s%s.	You barely got out, frozen%s%s.
Saliste del agua helada. Estás empapado: busca un fuego.	You're out of the icy water. Soaked: find a fire.
Se te escapa %s de las manos. ¡Inténtalo otra vez (F)!	%s slips from your hands. Try again (F)!
Tardaste en salir del socavón: el frío te caló.	You took too long in the sinkhole: the cold got to you.
Te acompañan %s (Y: volver).	%s go with you (Y: send back).
Te arrastraste fuera de la arena movediza.	You crawled out of the quicksand.
Te desmayaste de frío; la tribu te llevó junto al fuego (moral -3).	You fainted from cold; the tribe carried you to the fire (morale -3).
Te desmayaste por el calor; la tribu te llevó a la sombra (moral -3). Cúbrete del sol y bebe.	You fainted from the heat; the tribe carried you into the shade (morale -3). Cover up from the sun and drink.
Tiras de %s: ¡no lo sueltes!	You pull %s: don't let go!
Trepaste fuera del socavón.	You climbed out of the sinkhole.
Un compañero	A companion
cayó al agua helada	fell into icy water
cayó en un socavón	fell into a sinkhole
desapareció en la arena	vanished in the sand
lo que cargabas	what you carried
lo que cargabas y tu arma	what you carried and your weapon
murió de frío en el socavón	froze to death in the sinkhole
se ahogó bajo el hielo	drowned under the ice
se hunde en la arena	is sinking in the sand
tu arma	your weapon
tu compañero	your companion
¡%s %s! Acércate y pulsa F.	%s %s! Get close and press F.
¡%s está atrapado! Acércate y pulsa F (%d s)	%s is trapped! Get close and press F (%d s)
¡Arena movediza!	Quicksand!
¡Arena movediza! Te hundes.	Quicksand! You're sinking.
¡Caíste en un socavón de nieve!	You fell into a snow sinkhole!
¡El hielo se rompió bajo tus pies!	The ice broke under your feet!
¡El hielo se rompió!	The ice broke!
¡Saca a %s!	Pull %s out!
¡Salvaste a %s! La tribu lo celebra (moral +3).	You saved %s! The tribe cheers (morale +3).
¡Socavón de nieve!	Snow sinkhole!
# --- src/game/hud_game.c
Acciones, obras y fabricar	Actions, works and crafting
B: venda tus heridas (o levanta a un compañero abatido).	B: bandage your wounds (or lift a downed companion).
Beber	Drink
Casilla %d: %s.	Slot %d: %s.
Casilla %d: elige un arma, un objeto o una habilidad	Slot %d: choose a weapon, an item or a skill
Casilla vacía	Empty slot
Empuña primero el arma de la casilla %d (tecla %d) para pasarla de mano.	First wield the weapon in slot %d (key %d) to switch its hand.
Encender la flecha	Light the arrow
Enter o un toque: asignar · Esc: cerrar	Enter or a tap: assign · Esc: close
Esa habilidad ya no está activa.	That skill is no longer active.
Flechas: elegir · Enter: asignar · Esc: cerrar	Arrows: choose · Enter: assign · Esc: close
Manos libres	Empty hands
Mayús+G: deja la mochila en el suelo para moverte ligero, o recógela.	Shift+G: drop the backpack to move light, or pick it up.
Mayús+L: enciende la flecha en un fuego cercano (no con lluvia).	Shift+L: light the arrow at a nearby fire (not in the rain).
Mochila	Backpack
N: bebe lo más seguro que tengas, o del río en la orilla.	N: drink the safest water you carry, or from the river at the bank.
Tab: el menú de acciones, obras, fabricar y reparar.	Tab: the menu of actions, works, crafting and repairs.
Tecla %d: elegir un arma, un objeto o una habilidad.	Key %d: choose a weapon, an item or a skill.
Tecla %d: empuñar o enfundar. Mayús+%d: a la otra mano. Alt+%d o clic derecho: cambiar.	Key %d: wield or sheathe. Shift+%d: to the other hand. Alt+%d or right click: change.
Tecla %d: usar. Alt+%d o clic derecho: cambiar.	Key %d: use. Alt+%d or right click: change.
Vaciar la casilla	Clear the slot
Vendar	Bandage
agotado	exhausted
cansado	tired
con aliento	breathing hard
descansado	rested
# --- src/game/inventory_game.c
 (lo demás no te cabe).	 (the rest won't fit).
 y %d más	 and %d more
 · escarmiento %d %%	 · dread %d %%
 · estado %d %%	 · condition %d %%
 · frena %d %%	 · slows %d %%
 · lluvia %d %%	 · rain %d %%
 · pídeselo a un druida	 · ask a druid
 · sombra %d %%	 · shade %d %%
 · tatuado	 · tattooed
%.1f de %.0f kg · %d de %d huecos	%.1f of %.0f kg · %d of %d slots
%.1f kg	%.1f kg
%.1f kg (hasta %.0f sin frenarte)	%.1f kg (up to %.0f without slowing)
%.1f kg: pesado, andas más lento (más de %.0f kg)	%.1f kg: heavy, you walk slower (over %.0f kg)
%d · %.1f kg%s · Enter o clic: pasar (Mayús: todo)	%d · %.1f kg%s · Enter or click: move (Shift: all)
%s · Enter: cambiar · Supr o clic derecho: quitar	%s · Enter: change · Del or right-click: remove
%s · Enter: cambiar · Supr: quitar	%s · Enter: change · Del: remove
%s · Supr: quitar	%s · Del: remove
%s · nivel %d%s	%s · level %d%s
Acopio y armería del campamento	Camp store and armory
Alforjas (%s)	Saddlebags (%s)
Armadura	Armour
Bolsillos	Pockets
Cambias de mochila: ahora llevas la %s.	You switch backpacks: now carrying the %s.
Cargas tu mochila en el lomo del %s.	You load your backpack on the %s's back.
Cargas tu mochila en la carreta (Mayús+G junto a ella para recogerla).	You load your backpack onto the cart (Shift+G next to it to pick it up).
Carreta de la tribu	Tribe wagon
Con frío, pieles y abrigos; con sol y calor, sombrero, pañuelo y seda blanca. Las pieles de depredador espantan al enemigo.	In the cold, furs and coats; in sun and heat, a hat, a scarf and white silk. Predator pelts frighten the enemy.
Contra el corte	Against cuts
Contra el golpe	Against blows
Contra flechas y puntas	Against arrows and points
Cubre su zona	Covers its zone
Dejas la mochila en el suelo: vas más ligero (Mayús+G para recogerla).	You drop the backpack: you move lighter (Shift+G to pick it up).
Envenenado	Poisoned
Flechas: elegir · Q/E: contenedor · Enter: pasar · U: cambiar de mochila · Mayús+G: dejarla o recogerla	Arrows: choose · Q/E: container · Enter: move · U: switch backpack · Shift+G: drop it or pick it up
Hace falta: %s (cerca).	Needs: %s (nearby).
Herida	Wound
Inventario	Inventory
Joyas	Jewels
La armadura frena	Armor slows you
Llevas encima	Carrying
Lo que llevas no cabe en la %s: vacíala antes.	What you carry doesn't fit in the %s: empty it first.
Los tatuajes los hace un druida: háblale (F).	Tattoos are made by a druid: talk to them (F).
Mochila de %s	%s's backpack
Nivel %d	Level %d
No cabe en %s (peso, talla o huecos).	Won't fit in %s (weight, size or slots).
No hay sitio donde dejar la pieza que llevas.	No room to put the piece you wear.
No hay sitio donde guardar la joya.	There's no room to store the jewel.
No hay sitio donde guardar la pieza.	No room to store the piece.
No hay sitio donde guardar la prenda.	There is no room to keep the garment.
No llevas mochila.	You have no backpack.
No se puede reparar: %s	Can't repair: %s
No te cabe nada del botín (I: inventario).	None of the loot fits (I: inventory).
No tienes a mano otra pieza para %s.	No other piece at hand for %s.
No tienes a mano ropa para: %s.	You have no clothing at hand for: %s.
No tienes a mano una joya para: %s.	You have no jewel at hand for: %s.
Q / E o clic: cambiar de contenedor	Q / E or click: change container
Recoges el botín: %s%s%s	You pick up the loot: %s%s%s
Reparas: %s (%d %% -> %d %%).	Repaired: %s (%d %% -> %d %%).
Ropa	Clothing
Sangre	Blood
Se perdieron las alforjas de una montura.	A mount's saddlebags were lost.
Sin encantar no hace nada: llévasela a un druida.	Unenchanted it does nothing: take it to a druid.
Sin mochila a mano (Mayús+G para recogerla)	No backpack at hand (Shift+G to pick it up)
Tatuajes	Tattoos
Te cuelgas la %s.	You shoulder the %s.
Te pones: %s (%d %%).	You put on: %s (%d %%).
Te pones: %s (%s).	You put on: %s (%s).
Te pones: %s.	You put on: %s.
Te quitas: %s.	You take off: %s.
Tu mochila (dejada aquí)	Your backpack (left here)
Tu mochila quedó en el suelo, lejos de aquí.	Your backpack was left on the ground, far from here.
Tu mochila va en la carreta: acércate a ella.	Your backpack is on the cart: go to it.
Tu mochila va en un animal de carga: acércate a él.	Your backpack is on a pack animal: go to it.
Un tatuaje es para siempre: la zona del cuerpo cambia a qué va el bonus. El tercer grado se bifurca: elegir una rama cierra la otra.	A tattoo is forever: the body zone changes what the bonus goes to. The third tier branches: choosing one branch closes the other.
Un tatuaje no se puede quitar.	A tattoo can't be removed.
Vida	Health
abriga %+.0f°	warmth %+.0f°
abrigo %+.0f°	warmth %+.0f°
el ungüento corta el veneno (B)	salve stops the poison (B)
escarmiento %d %%	dread %d %%
lluvia %d %%	rain %d %%
no sangras	not bleeding
sangras: véndate (B)	bleeding: bind it (B)
sin efecto	no effect
sin tatuar	untattooed
sombra %d %%	shade %d %%
un %d %%	by %d %%
vacío · Enter: ponerte ropa que tengas a mano	empty · Enter: put on clothing you have at hand
vacío · Enter: ponerte una joya que tengas a mano	empty · Enter: wear a jewel you have at hand
vacío · Enter: ponerte una pieza a mano	empty · Enter: wear a piece at hand
# --- src/game/player.c
caminando	walking
corriendo	running
en sigilo	sneaking
# --- src/game/save_game.c
Ese hueco está vacío.	That slot is empty.
La partida es de otra versión del juego y no se puede cargar.	That save is from another game version and can't be loaded.
La partida es de una versión más nueva del juego.	That save is from a newer version of the game.
La partida está dañada (archivo incompleto).	The save is damaged (incomplete file).
No se pudo escribir en %s.	Could not write to %s.
No se pudo guardar la partida (disco lleno o sin permiso).	Could not save the game (disk full or no permission).
Sin memoria para cargar la partida.	Out of memory loading the game.
abr	Apr
ago	Aug
dic	Dec
ene	Jan
feb	Feb
jul	Jul
jun	Jun
mar	Mar
may	May
nov	Nov
oct	Oct
sep	Sep
# --- src/game/talents_game.c
%d de metal, %d piedra(s) · potencia x%.1f	%d metal, %d gem(s) · power x%.1f
%s (x%.2f): %s	%s (x%.2f): %s
%s con %s. Pondré %d de metal y %d piedra(s).	%s with %s. I'll use %d metal and %d gem(s).
%s con %s. ¿Qué despierto en ella? Cuesta: %s.	%s with %s. What shall I awaken in it? Cost: %s.
%s despierta la joya: %s.	%s awakens the jewel: %s.
%s en %s: %s. No se podrá quitar nunca. Tinta: %s.	%s on %s: %s. It can never be removed. Ink: %s.
%s te entrega un %s con %s. Llévaselo a un druida para que despierte.	%s hands you a %s with %s. Take it to a druid to awaken it.
%s te tatúa %s en %s. Ya es parte de ti.	%s tattoos %s on your %s. It is part of you now.
%s · nivel %d	%s · level %d
%s, druida	%s, druid
%s, orfebre	%s, goldsmith
%s: %s	%s: %s
%s: espera %.0f s.	%s: wait %.0f s.
%s: ¿dónde? La zona cambia a qué va el bonus y cuánto pesa.	%s: where? The zone changes what the bonus goes to and how much it weighs.
Anillo, brazalete, collar, aretes o hebilla	Ring, bracelet, necklace, earrings or buckle
Con metal y una piedra te hago una joya. Sin encantar no hace nada: eso es cosa del druida.	With metal and a gem I'll make you a jewel. Unenchanted it does nothing: that's the druid's craft.
Efecto pasivo	Passive effect
Encantar una joya	Enchant a jewel
Falta metal o piedra.	Missing metal or gem.
Falta tinta: carbón, hierbas (y miel en el tercer grado)	Missing ink: charcoal, herbs (and honey for the third tier)
Habilidad activa	Active ability
Hacer una joya	Make a jewel
Hazla	Make it
Los espíritus de la estepa escuchan. ¿Quieres llevar un motivo en la piel, o que despierte una joya?	The spirits of the steppe are listening. Do you want a motif on your skin, or a jewel awakened?
No llevas joyas con piedra sin encantar. Un orfebre las hace.	You carry no unenchanted jewels with a gem. A goldsmith makes them.
Para siempre: elige motivo y zona del cuerpo	Forever: choose motif and body zone
Pasivo o activo, según su piedra (hierbas y miel)	Passive or active, by its gem (herbs and honey)
Tatuar, para siempre	Tattoo, forever
Tatuarme	Tattoo me
Va a tu mochila (o donde quepa)	Goes to your pack (or wherever it fits)
Ya lo llevas	You already have it
espera %.0f s	wait %.0f s
tienes %d, hacen falta %d · %s o %s	you have %d, %d needed · %s or %s
tienes %d, hacen falta %d · potencia x%.2f	you have %d, %d needed · power x%.2f
¡Subes al nivel %d!	You reach level %d!
¡Subes al nivel %d! Un druida puede tatuarte un grado nuevo.	You reach level %d! A druid can tattoo you a new tier.
¿Con qué piedra? Decide qué podrá despertar el druida.	Which gem? It decides what the druid can awaken.
¿En qué metal? El oro rinde más que la plata, y la plata más que el bronce.	Which metal? Gold yields more than silver, and silver more than bronze.
¿Qué joya despierto? La piedra decide qué puede dar.	Which jewel shall I awaken? The gem decides what it can give.
¿Qué motivo? Cada uno sube en tres grados; el tercero se bifurca. Tu nivel: %d.	Which motif? Each rises in three tiers; the third branches. Your level: %d.
¿Qué pieza? Cada una va en su hueco y pesa distinto.	Which piece? Each goes in its own slot and weighs differently.
# --- src/game/title_menu.c
%s el hueco %d	%s slot %d
1 a 9: la barra rápida (empuñar; otra vez, enfundar) · Mayús+número: a la otra mano · Alt+número o vacía: elegir qué va	1 to 9: the quick bar (wield; again, sheathe) · Shift+number: to the other hand · Alt+number or empty: choose what goes there
1-9 empuñar · Mayús+n.º mano	1-9 wield · Shift+no. hand
A / D o flechas	A / D or arrows
A caballo: H golpe con más alcance y la inercia del galope; la lanza derriba; al galope arrollas. Un derribo te tira del caballo.	On horseback: H strikes with more reach and the gallop's momentum; the lance knocks down; at a gallop you trample. A knockdown throws you off the horse.
A menos de 2 m por la espalda de uno que no te vio (o aturdido), una daga aparece sobre él:	Within 2 m behind someone who hasn't seen you (or is stunned), a dagger appears above them:
Abatido, tu escolta te levanta. Si mueres (desangrado o sin socorro), vuelves a tu último lugar de descanso (campamento o tienda) y tus huesos quedan donde caíste. Tus compañeros mueren para siempre.	When downed, your escort lifts you. If you die (bled out or with no help), you return to your last resting place (camp or tent) and your bones stay where you fell. Your companions die for good.
Abejas: con la antorcha encendida, el humo las calma y F toma la miel.	Bees: with the torch lit, the smoke calms them and F takes the honey.
Al caer: pulsa la serie de teclas (J K L U I O) a tiempo.	When you fall: press the key sequence (J K L U I O) in time.
Arco, ballesta u honda: mantén H (o el clic) para tensar y suelta para disparar. Con objetivo, la mira se calcula sola; sin él, la cámara alza la mira: la curva amarilla muestra dónde caerá. J baja el arma; L, patada.	Bow, crossbow or sling: hold H (or click) to draw and release to shoot. With a target, the aim is computed for you; without one, the camera raises the aim: the yellow curve shows where it will land. J lowers the weapon; L, kick.
Arcos, flechas y armaduras	Bows, arrows and armour
Armas, aguante y heridas	Weapons, stamina and wounds
B venda heridas con hierbas (o ungüento) · P equipo y heridas · I inventario	B bandages wounds with herbs (or ointment) · P gear and wounds · I inventory
B vendar · Mayús+L encender	B bandage · Shift+L light
Beber de más emborracha: torpe con las armas, cansado y te tambaleas.	Drinking too much gets you drunk: clumsy with weapons, tired and staggering.
C sigilo · X agacharse	C sneak · X crouch
Cada partida nueva cambia los ríos, los lagos, las montañas y dónde están los pueblos y las guaridas.	Each new game changes the rivers, lakes, mountains and where villages and dens are.
Cada región tiene su altura: la costa, la más baja; el altiplano, el más alto. Hace más frío cuanto más alto.	Each region has its own altitude: the coast is the lowest, the highland the highest. The higher, the colder.
Cada región tiene su reino, sus aldeas y su capital amurallada, sus fieras y sus tribus nómadas: rivales, neutrales o amigas. Ruinas y estructuras quedan en el mapa al verlas.	Each region has its kingdom, its villages and walled capital, its beasts and its nomad tribes: rival, neutral or friendly. Ruins and structures go on the map once you see them.
Cada zona del cuerpo recibe distinto daño: cabeza y cuello son letales.	Each body zone takes different damage: head and neck are lethal.
Camina cerca del ganado para llevarlo (pastoreo).	Walk near livestock to drive them (herding).
Cargar	Load
Cargar partida	Load game
Cerrar el juego	Close the game
Clima y peligros	Weather and hazards
Combate cuerpo a cuerpo	Melee combat
Continuar	Continue
Contra el frío, pieles y abrigos: oso, reno, lobo, tigre, cabra. Contra el sol, sombrero, pañuelo del desierto, túnica de seda blanca y manto blanco.	Against the cold, furs and coats: bear, reindeer, wolf, tiger, goat. Against the sun, a hat, a desert scarf, a white silk tunic and a white mantle.
Controles	Controls
Controles y reglas del juego	Controls and game rules
Correr, saltar y golpear gastan aguante (la barra de abajo a la derecha): agotado, no corres hasta recobrar el aliento.	Running, jumping and striking spend stamina (the lowest bar on the right): exhausted, you can't run until you catch your breath.
Cuatro botones (teclas o las casillas de abajo a la derecha): H ataque, J bloqueo, K parry, L carga o patada.	Four buttons (keys or the tiles at the bottom right): H attack, J block, K parry, L charge or kick.
Dejar la partida (lo no guardado se pierde)	Leave the game (unsaved progress is lost)
Día %d · %s · tribu de %d	Day %d · %s · tribe of %d
El agua	Water
El agua que corre por los suelos puede traer espíritus malditos: al rato, fiebre (más lento, más sed). Mayús+N: hierbas.	Water running on the ground may carry cursed spirits: after a while, fever (slower, thirstier). Shift+N: herbs.
El borde: los fiordos dan al mar, el desierto termina en un cañón y un muro de estratos, el altiplano en un muro de hielo y el bosque en un canal sinuoso del que salen ríos.	The edge: the fjords open onto the sea, the desert ends in a canyon and a layered rock wall, the highland in a wall of ice, and the forest in a winding canal that feeds rivers.
El desierto quema de día y hiela de noche. Con calor te sofocas: busca sombra (las yurtas) o el agua; con golpe de calor te desmayas.	The desert burns by day and freezes by night. Heat overwhelms you: seek shade (the yurts) or water; with heatstroke you faint.
El frío baja tu calor: busca el fuego y las yurtas; la ropa mojada enfría.	Cold drains your warmth: seek fire and yurts; wet clothes chill you.
El mundo	The world
En uno de los tres huecos, con una foto de este momento	In one of the three slots, with a picture of this moment
En verano el pasto seco arde: los incendios corren con el viento.	In summer dry grass burns: wildfires run with the wind.
Esa partida es de otra versión del juego.	That save is from another game version.
Esc, Atrás o Ctrl+P: menú (guardar, cargar) · F1 o Ctrl+H: controles en el juego	Esc, Back or Ctrl+P: menu (save, load) · F1 or Ctrl+H: in-game controls
Esc/Atrás/Ctrl+P menú	Esc/Back/Ctrl+P menu
Ese hueco tiene una partida: Enter otra vez para sobrescribirla.	That slot has a save: Enter again to overwrite it.
Espacio saltar (o levantarse) · Q/E o arrastrar con el clic derecho: girar la cámara · M marcar el mapa	Space jump (or stand up) · Q/E or right-click drag: turn the camera · M mark the map
Espacio saltar · Q/E cámara	Space jump · Q/E camera
F despieza un cadáver, ordeña la cabra · Mayús+F sacrifica el ganado.	F butchers a carcass, milks the goat · Shift+F slaughters livestock.
F hablar/tomar/animales	F talk/take/animals
F hace casi todo: hablar, tomar y recoger botín, el pozo y el horno, rescatar y atender a los animales	F does almost everything: talk, take and pick up loot, the well and the oven, rescue and tend the animals
F junto al guardián: obras, escolta, reclutar, capacitar en un oficio, estado y disolver el campamento.	F next to the keeper: builds, escort, recruiting, training a trade, status and dissolving the camp.
F1/Ctrl+H cerrar esta ayuda	F1/Ctrl+H close this help
F2, F3, F4 (o Ctrl+1, 2, 3): habilidades activas · P equipo: armadura, joyas y tatuajes (Q/E)	F2, F3, F4 (or Ctrl+1, 2, 3): active abilities · P equipment: armor, jewelry and tattoos (Q/E)
F5 o Ctrl+M: vista orbital del mundo entero (flechas para girar e inclinar). El sol, la luna y las estrellas cruzan el cielo; el viento lleva las nubes y las cumbres altas quedan entre ellas.	F5 or Ctrl+M: orbital view of the whole world (arrows to turn and tilt). The sun, moon and stars cross the sky; the wind carries the clouds, and the high peaks stand among them.
F5/Ctrl+M vista orbital	F5/Ctrl+M orbital view
Fabricar a mano: flechas (leña, plumas, pedernal), cuerda (tendones), ungüento (hierbas y miel), coraza y botas (pieles). Lo forjado pide herrero y horno.	Craft by hand: arrows (wood, feathers, flint), rope (sinew), ointment (herbs and honey), cuirass and boots (hides). Forged goods need a smith and a furnace.
Fauna y caza	Wildlife and hunting
G agarrar · Mayús+G mochila	G grab · Shift+G backpack
G lo agarra de rehén: te cubres con él, los suyos no se acercan ni disparan si los tapa (y si disparan, fallan más). Vas lento y con una sola mano. G lo suelta, K lo ejecuta, L lo empuja; un golpe fuerte te lo quita.	G takes them hostage: you shield yourself with them; their own won't come closer or shoot if covered (and if they shoot, they miss more). You move slowly, with one hand. G lets go, K executes, L shoves; a strong blow frees them.
Golpea hacia el agua o tira una flecha para pescar.	Strike at the water or shoot an arrow to fish.
Guardar en	Save to
Guardar partida	Save game
Guías una tropa nómada por la estepa: caza, construye, pelea y sobrevive a las estaciones. Un día dura 30 minutos; en invierno las noches son largas.	You lead a nomad band across the steppe: hunt, build, fight and survive the seasons. A day lasts 30 minutes; winter nights are long.
H o clic: golpe; tres seguidos: combo · mantener: golpe pesado (rompe guardias)	H or click: strike; three in a row: combo · hold: heavy strike (breaks guards)
H/clic golpe (mantén: pesado)	H/click strike (hold: heavy)
Hervirla los echa (Tab, Hervir agua, junto a un fuego). El alcohol también: cerveza, vino, airag y agua con vino son seguros.	Boiling drives them out (Tab, Boil water, by a fire). So does alcohol: beer, wine, airag and watered wine are safe.
I inventario · P equipo	I inventory · P equipment
Idioma	Language
Instructivo	Guide
J o clic derecho sin arrastrar, mantener: con escudo cubre el frente (J + H: golpe de escudo); sin escudo paras con el arma: aguanta la mitad y cansa	J or right click without dragging, hold: with a shield it covers your front (J + H: shield bash); without one you parry with the weapon: it stops half and tires you
J/clic der. cubrirse	J/right click guard
Joyas (cambiables): el orfebre (F) hace anillos (dos por mano), brazaletes, collar, aretes y hebilla con metal y una piedra; el druida las encanta con un efecto pasivo o activo.	Jewels (swappable): the goldsmith (F) makes rings (two per hand), bracelets, necklace, earrings and buckle from metal and a gem; the druid enchants them with a passive or active effect.
Junto a un abatido: F lo toma prisionero (lo que lleva queda en el suelo); H o K lo rematan. A la tribu le importa: los compasivos y los devotos lo reprueban, los sanguinarios lo celebran.	Next to a downed foe: F takes them prisoner (what they carry stays on the ground); H or K finishes them. The tribe cares: the merciful and the devout disapprove, the bloodthirsty cheer.
K justo antes del golpe enemigo (el rombo dorado destella): hacha o guja le arrancan el escudo; manos o daga, llave y derribo; las demás desvían. A destiempo quedas expuesto.	K just before the enemy's blow (the gold diamond flashes): axe or glaive tear its shield away; hands or dagger, lock and takedown; the others deflect. Mistimed, you're exposed.
K lo mata en silencio: solo lo oyen los que están a menos de 6 m.	K kills silently: only those within 6 m hear it.
K parry · L carga o patada	K parry · L charge or kick
L: con escudo, carga que empuja; sin escudo, patada (corriendo, con inercia: tumba aun con escudo)	L: with a shield, a charge that shoves; without one, a kick (running, with momentum: knocks down even a shield bearer)
La armadura va por piezas (casco, gorjal, coraza, hombreras, brazales, guantes, faldar, grebas, botas). Cada material para distinto el corte, el golpe y la flecha, y se gasta con los impactos.	Armour comes in pieces (helmet, gorget, cuirass, pauldrons, bracers, gauntlets, skirt, greaves, boots). Each material stops cuts, blows and arrows differently, and wears with hits.
La espalda, rehenes y abatidos	Backstabs, hostages and the downed
La estepa	The steppe
La lluvia apaga todo fuego: antorchas, fogatas, hornos y flechas.	Rain puts out every fire: torches, campfires, furnaces and arrows.
La moral y la lealtad deciden si la tribu se rebela.	Morale and loyalty decide whether the tribe rebels.
La tribu bebe del acopio o del río cercano (hervida si hay leña). Los animales beben junto al agua; F con agua les da de beber.	The tribe drinks from the store or a nearby river (boiled if there is firewood). Animals drink by the water; F with water gives them a drink.
La tribu come carne fresca y leche antes que la seca; con hambre baja la moral.	The tribe eats fresh meat and milk before dried food; hunger lowers morale.
La tribu se cambia sola según el tiempo con la ropa de su mochila y del acopio; sin ropa adecuada pasa frío o calor y baja la moral.	The tribe changes clothes on its own with the weather, from their packs and the stockpile; without suitable clothing they suffer cold or heat and morale drops.
La tribu y el campamento	The tribe and the camp
Las estructuras se desgastan: la tribu las repara con troncos cada día. Sin mantenimiento, la lluvia torrencial las derrumba.	Structures wear out: the tribe repairs them with logs every day. Without upkeep, torrential rain brings them down.
Las mazas, las patadas y los escudos tumban sin matar, y también una herida que no es mortal: el enemigo queda abatido en el suelo. A los 30-90 s despierta, herido, y huye a avisar a los suyos.	Maces, kicks and shields knock down without killing, and so does a wound that isn't mortal: the enemy lies downed. After 30-90 s they wake up, wounded, and run off to warn their own.
Las partidas guardadas, con su foto y su fecha	Saved games, with their picture and date
Las pieles de depredador (lobo, oso, tigre, puma, hiena) dan escarmiento: el enemigo se espanta o huye antes.	Predator pelts (wolf, bear, tiger, puma, hyena) give dread: the enemy is frightened or flees sooner.
Lobos, perros, tigres, pumas, halcones y cuervos: debilítalos peleando, échales el lazo y dales carne (F) para domarlos.	Wolves, dogs, tigers, pumas, hawks and ravens: weaken them by fighting, lasso them and give them meat (F) to tame them.
Los animales de la tribu comen: los herbívoros pastan solos si hay pasto; con nieve, forraje (F corta hierba alta). Los carnívoros, carne o cazan. F les da de comer; los pastores lo hacen en el campamento.	The tribe's animals eat: herbivores graze on their own if there is pasture; with snow, fodder (F cuts tall grass). Carnivores eat meat or hunt. F feeds them; herders do it at the camp.
Los enemigos abatidos dejan una bolsa de botín: F la recoge (lo que no cabe se queda).	Fallen enemies drop a loot bag: F picks it up (what doesn't fit stays).
Los lagos helados se cruzan, pero el hielo puede romperse.	Frozen lakes can be crossed, but the ice may break.
Los menús son iconos: pasa el ratón (o elige con las flechas) y su nombre aparece abajo; clic o Enter para usarlos.	Menus are icons: hover with the mouse (or pick with the arrows) and the name shows below; click or Enter to use them.
Los rayos caen sobre lo alto durante las tormentas.	Lightning strikes high ground during storms.
M mapa · N beber · U ficha	M map · N drink · U card
Mayús+G (o la columna) deja la mochila en el suelo, en la carreta o en un animal de carga (más ligero para pelear) y la recoge · U en el inventario: cambiar de mochila	Shift+G (or the column) drops the backpack on the ground, the cart or a pack animal (lighter for fighting) and picks it up · U in the inventory: switch backpack
Mayús+L (o la columna) junto a un fuego enciende la flecha: quema y prende lo que toca.	Shift+L (or the column) by a fire lights the arrow: it burns and sets alight what it hits.
Monturas (caballo, mula, burro, buey, camello, elefante): lazo y silla; R monta y desmonta.	Mounts (horse, mule, donkey, ox, camel, elephant): lasso and saddle; R mounts and dismounts.
N bebe lo más seguro que tengas; en la orilla, sin nada, bebes del río. Con calor da más sed; sin agua te desmayas.	N drinks the safest thing you have; at the shore, with nothing, you drink from the river. Heat makes you thirstier; without water you faint.
Nueva partida	New game
Osos, hienas, coyotes y jabalíes: siempre hostiles.	Bears, hyenas, coyotes and boars: always hostile.
P equipo, pestaña Ropa: cabeza, cuello y cara, cuerpo, capa o abrigo y pies. Cada prenda abriga, da sombra o frena la lluvia.	P equipment, Clothing tab: head, neck and face, body, cloak or coat, and feet. Each garment gives warmth, shade or keeps the rain off.
Partida de otra versión del juego	Save from another game version
Pausa	Pause
Piedras: rompe rocas a golpes, F en los corales del lago, cava trincheras o criba en la orilla (Tab).	Gems: break rocks with blows, F at lake corals, dig trenches or pan on the shore (Tab).
Por detrás solo te oyen: en sigilo o agachado te acercas sin que te noten; caminando o corriendo, te oyen antes.	From behind they can only hear you: sneaking or crouching you get close unnoticed; walking or running, they hear you sooner.
Página anterior	Previous page
Página siguiente	Next page
R montar · T lanzar · Y escolta	R mount · T throw · Y escort
Reclutar, liberar o ejecutar prisioneros cambia la relación con el reino.	Recruiting, freeing or executing prisoners changes your standing with the kingdom.
Reparar: el cuero y el fieltro con pieles; el bronce y el hierro, herrero, horno y metal.	Repair: leather and felt with hides; bronze and iron need a smith, a furnace and metal.
Ropa y calor	Clothing and heat
Salir	Quit
Salir al título	Back to title
Salir del juego	Quit game
Se fabrican a mano (Tab, Fabricar) con las pieles del despiece, la lana de las cabras (los pastores las esquilan) y la seda del botín.	Made by hand (Tab, Craft) from butchered pelts, goat wool (herders shear the goats) and looted silk.
Serpientes, escorpiones, arañas y avispas envenenan: véndate (B).	Snakes, scorpions, spiders and wasps are venomous: bandage yourself (B).
Socavones de nieve y arena movediza aparecen cada día en otro lugar.	Snow sinkholes and quicksand appear somewhere new every day.
Subes de nivel peleando, cazando, fabricando, construyendo y domando.	You level up by fighting, hunting, crafting, building and taming.
Tab acciones/fabricar	Tab actions/craft
Tab en combate: el objetivo siguiente (Mayús+Tab, el anterior), o toca al enemigo. Un anillo dorado lo marca y los golpes y las flechas van a él.	Tab in combat: the next target (Shift+Tab, the previous one), or tap the enemy. A gold ring marks it and blows and arrows go to it.
Tab objetivo (en combate)	Tab target (in combat)
Tab, Llenar el odre en la orilla: agua cruda (3 tragos por odre). Fabricar: agua con vino, airag y cerveza de pan.	Tab, Fill the waterskin at the shore: raw water (3 sips per waterskin). Craft: watered wine, airag and bread beer.
Tab: acciones, obras, fabricar y reparar (Q/E cambia de pestaña) · I: inventario	Tab: actions, works, craft and repair (Q/E switches tab) · I: inventory
Tatuajes (para siempre): habla (F) con el druida, elige motivo y zona. Lobo, ciervo, grifo, tamga y olas suben en tres grados; el tercero se bifurca y elegir una rama cierra la otra. La zona del cuerpo cambia a qué va el bonus.	Tattoos (forever): talk (F) to the druid, choose motif and zone. Wolf, deer, griffin, tamga and waves rise in three tiers; the third branches and choosing one closes the other. The body zone changes what the bonus goes to.
Tatuajes y joyas	Tattoos and jewels
Una gran tierra casi redonda con cinco regiones: la estepa en el centro, rodeada de ríos que serpentean; el bosque al noroeste, el desierto al noreste, el altiplano al sureste y los fiordos al suroeste.	A vast, nearly round land with five regions: the steppe at the center, ringed by winding rivers; the forest to the northwest, the desert to the northeast, the highland to the southeast and the fjords to the southwest.
Una tienda o un refugio lejos de los demás campamentos funda uno nuevo: nombra guardián a alguien de tu escolta.	A tent or shelter far from other camps founds a new one: name someone from your escort its keeper.
Una tribu nueva en la estepa	A new tribe on the steppe
Vacío: no hay partida	Empty: no save
Volver a una partida guardada	Return to a saved game
Volver al juego (Esc)	Back to the game (Esc)
WASD mover · Shift correr	WASD move · Shift run
WASD mover · Shift correr · C sigilo · X agacharse (tras rocas, matas o hierba alta te ocultas)	WASD move · Shift run · C sneak · X crouch (you hide behind rocks, bushes or tall grass)
Y: dos integrantes te escoltan · Mayús+Y: despachar o mandar un mensajero · U: ficha del gran guerrero	Y: two members escort you · Shift+Y: dispatch or send a messenger · U: great warrior card
# --- src/game/travel_game.c
%.0f m · ida y vuelta ~%.0f s · %d libres allí	%.0f m · round trip ~%.0f s · %d free there
%.0f m · ~%.0f s · lo conocen %d de %d · riesgo %d%%	%.0f m · ~%.0f s · %d of %d know it · risk %d%%
%d elegidos	%d chosen
%d parten hacia %s y se pierden en el horizonte.	%d set out for %s and vanish over the horizon.
%d refuerzos	%d reinforcements
%s parte con el mensaje hacia %s: volverá con %d más.	%s leaves with the message for %s: will return with %d more.
A un campamento o a un sitio marcado en el mapa	To a camp or a site marked on the map
A un campamento: vuelve con refuerzos (ida y vuelta)	To a camp: returns with reinforcements (round trip)
Cerrar	Close
Despachar	Dispatch
Elegir destino	Choose destination
En %s te enteras: llegaron %d de %d (%d heridos).	At %s you learn: %d of %d arrived (%d wounded).
En %s: los %d despachados llegaron bien.	At %s: the %d dispatched arrived safely.
Llegan los refuerzos: %d (%d heridos); %d se quedaron en el camino.	Reinforcements arrive: %d (%d wounded); %d fell along the way.
Mandar un mensajero	Send a messenger
Nadie volvió con los refuerzos: el camino se los llevó.	No one came back with the reinforcements: the road took them.
No hay campamentos ni sitios marcados (M marca un sitio en el mapa).	There are no camps or marked sites (M marks a site on the map).
Sitio de peligro %d	Danger site %d
Sitio marcado %d	Marked site %d
Te siguen %d. Hay %d partidas de camino. Despacha a quien conozca el destino: si nadie lo conoce, se pierden.	%d follow you. %d parties are on the road. Dispatch someone who knows the destination: if nobody does, they get lost.
Tu mensajero a %s no vuelve. Algo le pasó en el camino.	Your messenger to %s does not return. Something happened on the road.
Ya hay demasiadas partidas de camino.	Too many parties are already on the road.
ninguno de ellos ha estado allí	none of them has been there
no conoce ese campamento	doesn't know that camp
se queda · clic: va	stays · click: goes
va · clic: se queda	goes · click: stays
¿A qué campamento va? El guardián mandará a los que estén libres.	Which camp? The guardian will send whoever is free.
¿Adónde? Solo se puede ir donde alguno haya estado. Cuantos más lo conozcan, menos riesgo.	Where to? Only places someone has been. The more who know it, the less risk.
¿Cuántos refuerzos pides?	How many reinforcements do you ask for?
¿Quién lleva el mensaje? Tiene que conocer el campamento.	Who carries the message? They must know the camp.
¿Quiénes van? Marca a los que salen y luego elige el destino.	Who goes? Mark those leaving, then choose the destination.
Órdenes a la escolta	Escort orders
# --- src/game/water_game.c
 · fiebre	 · fever
Bebes del agua que corre por el suelo. Puede traer espíritus malditos...	You drink the water running on the ground. It may carry cursed spirits...
Bebes del pozo: agua honda y limpia.	You drink from the well: deep, clean water.
Bebes: %s.	You drink: %s.
Bebes: %s. El agua cruda puede traer espíritus malditos: mejor hervida.	You drink: %s. Raw water may carry cursed spirits: better boiled.
Bebes: %s. Estás %s: torpe con las armas y te cansas antes.	You drink: %s. You are %s: clumsy with weapons and you tire sooner.
Estás %s: bebe (N).	You are %s: drink (N).
Fiebre y retortijones: espíritus malditos del agua. Toma hierbas (Mayús+N), descansa y bebe agua hervida.	Fever and cramps: cursed spirits from the water. Take herbs (Shift+N), rest and drink boiled water.
Las hierbas alivian la fiebre.	The herbs ease the fever.
Las hierbas echan a los espíritus malditos.	The herbs drive out the cursed spirits.
No tienes hierbas para echar a los espíritus. Descansa y bebe agua hervida.	You have no herbs to drive out the spirits. Rest and drink boiled water.
No tienes los espíritus del agua: guarda las hierbas.	You don't have the water spirits: save the herbs.
No tienes nada que beber: llena el odre en la orilla (Tab) o bebe del río (N, mirando al agua).	You have nothing to drink: fill the waterskin at the shore (Tab) or drink from the river (N, facing the water).
No tienes sed.	You are not thirsty.
Te desmayaste de sed; la tribu te llevó al campamento y te dio de beber (moral -3).	You fainted from thirst; the tribe carried you to camp and gave you water (morale -3).
# --- src/game/world_game.c
El campamento de los %s (tribu %s): te observan, sin buscar pelea.	The camp of the %s (%s tribe): they watch you, without seeking a fight.
Encuentras %s, de otros tiempos: queda en el mapa.	You find %s from other times: it is now on the map.
Encuentras %s: agua limpia (Tab: llenar el odre · N: beber). Queda en el mapa.	You find %s: clean water (Tab: fill the waterskin · N: drink). It is now on the map.
Encuentras %s: queda en el mapa.	You find %s: it is now on the map.
Entras en: %s (tierras del %s).	Entering: %s (lands of the %s).
Llegas a %s, aldea del %s.	You reach %s, a village of the %s.
Llegas a %s, capital del %s.	You reach %s, capital of the %s.
Los %s, tribu amiga, te reciben junto a su fuego.	The %s, a friendly tribe, welcome you by their fire.
Los %s, tribu amiga, te reciben y te señalan %s en el mapa.	The %s, a friendly tribe, welcome you and point out %s on the map.
Una guarida (%s): queda marcada como peligro en el mapa.	A den (%s): marked as danger on the map.
amiga	friendly
neutral	neutral
rival	rival
¡Los %s, tribu rival, te salen al paso!	The %s, a rival tribe, come out to block your way!
# --- src/main.c
Arma: %s	Weapon: %s
Assets cargados: %d · fallidos: %d	Assets loaded: %d · failed: %d
Capturaste a un gran guerrero: %s, %s.	You captured a great warrior: %s, %s.
Cautivo	Captive
Conecta un teclado para jugar	Connect a keyboard to play
Ctrl+D: cerrar	Ctrl+D: close
Desterraste a un integrante.	You banished a member.
Dia %d: %d desertores, %d grandes guerreros.	Day %d: %d deserters, %d great warriors.
Dia %d: %d desertores.	Day %d: %d deserters.
Dia %d: REBELION encabezada por %s!	Day %d: REBELLION led by %s!
Diagnóstico · OpenGL %s · %dx%d · %d fps	Diagnostics · OpenGL %s · %dx%d · %d fps
Dones: 	Gifts: 
Día %d · %s · %s (%d min)	Day %d · %s · %s (%d min)
Ejecutaste a un prisionero.	You executed a prisoner.
Ejecutaste a uno de los tuyos.	You executed one of your own.
El gran canal marca el fin de estas tierras: no hay vado.	The great canal marks the end of these lands: there is no ford.
El gran muro del cañón cierra el desierto: no hay paso.	The great canyon wall closes the desert: there is no way through.
El muro de hielo del glaciar cierra el altiplano: no hay paso.	The glacier's ice wall closes off the highland: there is no way through.
Explorador enemigo	Enemy scout
F1 o Ctrl+H: controles · Esc o Ctrl+P: menú	F1 or Ctrl+H: controls · Esc or Ctrl+P: menu
Flechas: girar e inclinar · F5 o Esc: volver	Arrows: rotate and tilt · F5 or Esc: back
Galeria: %d objetos (%d con modelo).	Gallery: %d objects (%d with model).
Liberaste a un prisionero.	You freed a prisoner.
Marcaste este lugar en el mapa.	You marked this place on the map.
Más allá solo hay mar abierto: la tropa no se aventura.	Beyond lies only open sea: the troop will not venture out.
Partida cargada (hueco %d).	Game loaded (slot %d).
Partida guardada en el hueco %d.	Game saved in slot %d.
Puntería x%.2f  Monta x%.2f	Aim x%.2f  Riding x%.2f
Puntería x%.2f  Monta x%.2f  Sanación %.0f%%	Aim x%.2f  Riding x%.2f  Healing %.0f%%
Quitaste la marca.	You removed the mark.
Reclutaste un nuevo guerrero.	You recruited a new warrior.
Repartiste el botin.	You shared out the loot.
Riesgo de rebelión %d%%	Rebellion risk %d%%
Scavengers Thrive se juega con teclado físico (ratón o mando opcionales).	Scavengers Thrive is played with a physical keyboard (mouse or gamepad optional).
Si ya tienes uno, pulsa una tecla o toca la pantalla para jugar igual.	If you already have one, press a key or tap the screen to play anyway.
Talla x%.2f  Rapidez x%.2f  Fuerza x%.2f  Aguante x%.2f	Size x%.2f  Speed x%.2f  Strength x%.2f  Stamina x%.2f
Teclado: %s · última tecla: %d	Keyboard: %s · last key: %d
Tomaste un prisionero.	You took a prisoner.
Tropa %d	Band %d
Tu tropa acampa en la estepa (mundo %u).	Your troop camps on the steppe (world %u).
Un gran guerrero se une: %s, %s.	A great warrior joins: %s, %s.
Vista orbital · mundo %u · estás en: %s	Orbital view · world %u · you are in: %s
no	no
sí	yes
· %d cautivo%s	· %d captive%s
# --- src/sim/actions.c
Arrojar el objeto que se lleva en la mano.	Throw the object in your hand.
Atrapar un animal salvaje: una montura queda domada; un depredador debilitado queda atado hasta que le des carne (F).	Catch a wild animal: a mount is tamed; a weakened predator stays tied until you give it meat (F).
Cambiar empuñadura	Change grip
Cavar trinchera	Dig trench
Cobertura contra flechas y cargas. Requiere pala.	Cover against arrows and charges. Needs a shovel.
Corral	Corral
Cribar en el agua	Pan in the water
En la orilla de un río o un lago: piedras preciosas rodadas, plata y oro.	On the shore of a river or lake: worn gems, silver and gold.
En la orilla: agua cruda (puede traer espíritus malditos: hiérvela). Junto a un pozo: agua limpia.	On the shore: raw water (it may carry cursed spirits: boil it). Next to a well: clean water.
Encender antorcha	Light torch
Enfundar / desenfundar	Sheathe / draw
Ensillar un animal para montarlo.	Saddle an animal to ride it.
Gancho con cuerda para escalar muros en un asedio.	Hook and rope to scale walls in a siege.
Guardar las armas libera las manos.	Putting weapons away frees your hands.
Hervir agua	Boil water
Hoguera	Bonfire
Horno de cocina	Cooking oven
Horno de fundición (acero)	Smelting furnace (steel)
Horno de fundición (bronce)	Smelting furnace (bronze)
Instalar fogata	Set campfire
Instalar montura	Fit saddle
Instalar tienda	Pitch tent
Junto a un fuego encendido: el agua hervida es segura. Gasta una leña.	By a lit fire: boiled water is safe. Uses one firewood.
Lanzar	Throw
Lanzar lazo	Throw lasso
Lanzar trepa	Throw grapple
Llenar el odre	Fill the waterskin
Luz en la noche; ahuyenta fieras.	Light at night; keeps beasts away.
Muro de empalizada	Palisade wall
Muro de piedra	Stone wall
Recoger un objeto del suelo. Hace falta una mano libre.	Pick an object up from the ground. Needs a free hand.
Refugio	Shelter
Tienda ligera de viaje.	Light travel tent.
Tomar	Take
Torre de vigilancia	Watchtower
Tótem de protección	Protective totem
Una en cada mano, a dos manos, arma y escudo...	One in each hand, two-handed, weapon and shield...
Una fogata pequeña para una persona o dos.	A small campfire for one or two people.
a dos manos	two-handed
a una mano	one-handed
agua	water
animal salvaje	wild animal
arma y escudo	weapon and shield
desarmado	unarmed
falta un %s en la tribu	the tribe lacks a %s
faltan manos (mínimo %d)	not enough hands (at least %d)
fuego	fire
lista	ready
montura	mount
muro	wall
objeto cercano	nearby object
solo escudo	shield only
una en cada mano	one in each hand
# --- src/sim/animals.c
Antílope saiga	Saiga antelope
Araña	Spider
Becerro	Calf
Buey	Ox
Burro	Donkey
Caballo estepario	Steppe horse
Cabra	Goat
Camello bactriano	Bactrian camel
Ciervo	Deer
Cocodrilo	Crocodile
Coyote	Coyote
Cuervo	Crow
Elefante	Elephant
Escorpión	Scorpion
Gacela	Gazelle
Halcón	Falcon
Hiena	Hyena
Jabalí	Boar
Liebre	Hare
Lobo	Wolf
Mula	Mule
Oso pardo	Brown bear
Perro asilvestrado	Feral dog
Puma	Puma
Reno salvaje	Wild reindeer
Tigre	Tiger
Tortuga marina	Sea turtle
Víbora	Viper
Águila real	Golden eagle
Íbice	Ibex
# --- src/sim/apparel.c
a gusto	comfortable
acalorado	warm
agotado por el calor	heat exhaustion
cabeza	head
capa o abrigo	cloak or coat
cuello y cara	neck and face
cuerpo	body
golpe de calor	heatstroke
pies	feet
sofocado	overheated
# --- src/sim/armor.c
acero	steel
botas	boots
brazales	bracers
bronce	bronze
casco	helmet
coraza	cuirass
cuero laminar	lamellar leather
faldar	skirt
fieltro	felt
gorjal	gorget
grebas	greaves
guanteletes	gauntlets
hierro	iron
hombreras	pauldrons
oro	gold
# --- src/sim/ballistics.c
Bala	Ball
Flecha	Arrow
Piedra	Stone
Virote	Bolt
# --- src/sim/champion.c
Acero Rizado	Rippled Steel
Arco de Cuerno	Horn Bow
Cabeza de Tigre	Tiger Head
Crin Negra	Black Mane
Desertó del ejército imperial	Deserted the imperial army
Doble Punta	Double Point
Escapó de una columna de prisioneros destinados al sacrificio	Escaped a column of prisoners bound for sacrifice
Fue desterrado por matar a un recaudador de tributos	Was banished for killing a tax collector
Hacha de los Muertos	Axe of the Dead
Hoja Ancha	Broad Blade
Huyó tras negarse a servir al culto	Fled after refusing to serve the cult
La sequía y las malas cosechas se llevaron a su familia	Drought and bad harvests took their family
Lazo de Plomo	Lead Lasso
Lluvia de Virotes	Bolt Rain
Mano de Hierro	Iron Hand
Manos que Curan	Healing Hands
Nació %s. %s. Hoy %s, y sueña con %s.	Born %s. %s. Now %s, and dreams of %s.
Ojo de Halcón	Hawk Eye
Piel de Roca	Rock Skin
Pies de Viento	Wind Feet
Sombra Alta	Tall Shadow
Su clan fue arrasado en la masacre de la estepa	Their clan was wiped out in the steppe massacre
Su propio clan le dio la espalda tras una derrota	Their own clan turned its back after a defeat
Una deuda de sangre le obligó a huir	A blood debt forced them to flee
aguante	stamina
arco compuesto de cuerno	horn composite bow
arma especial	special weapon
asalta los convoyes del imperio	raids the empire's convoys
ballesta de repetición	repeating crossbow
cura a los heridos de los caminos a cambio de comida	heals the wounded on the roads for food
doma caballos salvajes en las praderas	breaks wild horses on the grasslands
en un campamento de esclavos del imperio	in an imperial slave camp
en un clan aliado de la antigua confederación	in an allied clan of the old confederation
en un clan de pescadores de la costa de fiordos	in a fishing clan on the fjord coast
en una caravana que cruzaba el desierto	in a caravan crossing the desert
en una familia campesina de la ciudad amurallada	to a peasant family in the walled city
en una yurta de pastores de la estepa central	in a herders' yurt on the central steppe
encontrar un lugar donde envejecer en paz	finding a place to grow old in peace
entre los cazadores del bosque de coníferas	among the hunters of the conifer forest
entre los herreros de un pueblo de montaña	among the smiths of a mountain village
fuerza	strength
gran talla	great size
guja de hoja ancha	broad-bladed glaive
hacha ceremonial	ceremonial axe
lanza de caballería de doble punta	double-pointed cavalry lance
lazo con plomadas	weighted lasso
liberar a un ser querido prisionero	freeing a loved one held prisoner
maza de bronce con cabeza de tigre	tiger-headed bronze mace
monta	riding
pagar una deuda de honor	paying a debt of honour
protege caravanas en las rutas del desierto	guards caravans on the desert roads
puntería	aim
que su nombre viva en los cantos de la estepa	their name living on in the songs of the steppe
rapidez	speed
recuperar las tierras de su familia	winning back their family's lands
reunir un clan propio	gathering a clan of their own
sable de acero damasquinado	damascened steel sabre
sanación	healing
sobrevive con lo que encuentra entre las ruinas	survives on what they find among ruins
vaga de campamento en campamento	drifts from camp to camp
vende su espada a quien pague	sells their sword to whoever pays
vengar a los suyos	avenging their people
ver arder el altar del culto	seeing the cult's altar burn
vive de cazar en soledad	lives by hunting alone
# --- src/sim/climate.c
despejado	clear
lluvia	rain
nevada	snowfall
nublado	cloudy
tormenta	storm
ventisca	blizzard
# --- src/sim/clock.c
alba	dawn
día	day
invierno	winter
noche	night
ocaso	dusk
otoño	autumn
primavera	spring
verano	summer
# --- src/sim/combat.c
Arquero bandido	Bandit archer
Bandido	Bandit
Captor del culto	Cult captor
Fanático del culto	Cult fanatic
Jinete bandido	Bandit rider
# --- src/sim/economy.c
Abrigo de lana de cabra	Goat wool coat
Abrigo de piel de oso	Bear fur coat
Abrigo de piel de reno	Reindeer fur coat
Abrigo de piel de tigre	Tiger fur coat
Agua con vino (3)	Watered wine (3)
Airag (leche de yegua fermentada)	Airag (fermented mare's milk)
Botas de fieltro	Felt boots
Botas de piel de reno	Reindeer fur boots
Bufanda de piel de zorro	Fox fur scarf
Capa de lana	Wool cloak
Capa de piel de hiena	Hyena fur cloak
Capa de piel de lobo	Wolf fur cloak
Capa de piel de puma	Puma fur cloak
Casco de bronce	Bronze helmet
Cerveza de pan (2)	Bread beer (2)
Coraza de escamas de acero	Steel scale cuirass
Coraza laminar de cuero	Lamellar leather cuirass
Cuerda de tendones	Sinew rope
Deel de invierno con piel	Fur winter deel
Escudo de láminas de hierro	Iron-plated shield
Flechas (5)	Arrows (5)
Gorro de cabeza de lobo	Wolf head hat
Gorro de fieltro de punta	Pointed felt hat
Gorro de piel	Fur hat
Lanza de punta de bronce	Bronze-tipped spear
Lingote de bronce	Bronze ingot
Manto blanco del desierto	White desert mantle
Pañuelo del desierto	Desert scarf
Piedras de honda (8)	Sling stones (8)
Sable de acero	Steel sabre
Sable de bronce	Bronze sabre
Sandalias de cuero	Leather sandals
Sombrero de ala ancha	Wide-brimmed hat
Túnica de lana	Wool tunic
Túnica de seda blanca	White silk tunic
Ungüento de hierbas y miel	Herb and honey ointment
Virotes (4)	Bolts (4)
# --- src/sim/hazards.c
abrigado	warm
arena movediza	quicksand
fresco	cool
frío	cold
helado	freezing
hipotermia	hypothermia
socavón de nieve	snow sinkhole
# --- src/sim/health.c
%s en %s (%s%s%s)	%s on %s (%s%s%s)
, entablillada	, splinted
, sangra	, bleeding
, vendada	, bandaged
Congelación	Frostbite
Corte	Cut
Fractura	Fracture
Mordida	Bite
Quemadura	Burn
abatido	downed
el abdomen	the abdomen
el anca derecha	the right haunch
el anca izquierda	the left haunch
el antebrazo derecho	the right forearm
el antebrazo izquierdo	the left forearm
el brazo derecho	the right arm
el brazo izquierdo	the left arm
el cuello	the neck
el muslo derecho	the right thigh
el muslo izquierdo	the left thigh
el pecho	the chest
el tórax	the thorax
el vientre	the belly
envenenado	poisoned
grave	severe
herido	wounded
la cabeza	the head
la grupa	the rump
la paleta derecha	the right shoulder
la paleta izquierda	the left shoulder
la pata delantera derecha	the right foreleg
la pata delantera izquierda	the left foreleg
la pata trasera derecha	the right hind leg
la pata trasera izquierda	the left hind leg
la pelvis	the pelvis
la pierna derecha	the right leg
la pierna izquierda	the left leg
leve	light
malherido	badly hurt
moderada	moderate
muerto	dead
sano	healthy
# --- src/sim/jewelry.c
%s%s (activa, x%.2f)	%s%s (active, x%.2f)
, sin encantar	, unenchanted
anillo	ring
anillo, mano derecha	ring, right hand
anillo, mano izquierda	ring, left hand
aretes	earrings
brazalete	bracelet
brazalete derecho	right bracelet
brazalete izquierdo	left bracelet
collar	necklace
coral	coral
cornalina	carnelian
granate	garnet
hebilla	buckle
hebilla del cinturón	belt buckle
jade	jade
lapislázuli	lapis lazuli
perla	pearl
sin piedra	no gem
turquesa	turquoise
ámbar	amber
# --- src/sim/keymap.c
Espacio	Space
Mayús+	Shift+
# --- src/sim/loadout.c
agarre	grapple
carga	carry
carisma	charisma
cuerpo a cuerpo	melee
oficio	craft
sigilo	stealth
velocidad	speed
vida	health
vista	sight
# --- src/sim/melee.c
Desvío	Deflect
Gancho al escudo	Shield hook
# --- src/sim/storage.c
Acopio del campamento	Camp store
Alforjas	Saddlebags
Carreta	Cart
mochila grande	large backpack
mochila mediana	medium backpack
mochila pequeña	small backpack
sin mochila	no backpack
# --- src/sim/swarms.c
Avispas	Wasps
Banco de peces	School of fish
Enjambre de abejas	Bee swarm
Moscas	Flies
Mosquitos	Mosquitoes
# --- src/sim/talents.c
Agua del río	River Water
Astas del ciervo	Deer Antlers
Aullido	Howl
Cada flecha va donde miras.	Every arrow goes where you look.
Calor del ámbar	Amber Warmth
Cargas más sin frenarte.	You carry more without slowing down.
Carrera larga	Long Run
Casi nadie te ve un rato.	Almost no one sees you for a while.
Corres como el ciervo, a pie o a caballo.	You run like the deer, on foot or mounted.
Corres más y te cansas menos.	You run more and tire less.
Corriente	Current
Devuelve el calor del cuerpo, aun en la nevada.	Restores body heat, even in a snowfall.
Esa zona ya está tatuada (para siempre).	That zone is already tattooed (forever).
Fabricas y reparas más rápido.	You craft and repair faster.
Galope	Gallop
Galope del ciervo	Deer's Gallop
Garra del grifo	Griffin's Claw
Golpeas y aguantas como la crecida.	You strike and endure like the flood.
Grifo	Griffin
Grito del clan	Clan Cry
Habilidad activa: la escolta pelea a tu lado con más fuerza.	Active ability: your escort fights harder at your side.
Habilidad activa: la furia de la manada.	Active ability: the fury of the pack.
Habilidad activa: recuperas de golpe parte de la vida.	Active ability: you instantly recover some health.
Habilidad activa: una carrera que nadie alcanza.	Active ability: a run no one can catch.
Habilidad activa: vista de águila y tiro certero.	Active ability: eagle sight and true aim.
Huella del lobo	Wolf's Track
La furia de la manada: más daño cuerpo a cuerpo y agarre.	The fury of the pack: more melee damage and grapple.
La tribu te escucha.	The tribe listens to you.
Las heridas dejan de sangrar.	Wounds stop bleeding.
Mandas y cargas como un jefe.	You command and carry like a chief.
Manos del clan	Clan Hands
Marea	Tide
Marea que sana	Healing Tide
Más vida y más aguante.	More health and stamina.
Más vida.	More health.
Ninguna	None
Ojo del grifo	Griffin's Eye
Olas	Waves
Paso de la manada	Pack Stride
Piel de río	River Skin
Pisas sin ruido.	You tread silently.
Pluma certera	True Feather
Primero el grado anterior de ese motivo.	First the previous tier of that motif.
Recuperas de golpe parte de la vida.	You instantly recover some health.
Rondas como el lobo: sigilo y paso.	You prowl like the wolf: stealth and stride.
Sangre de granate	Garnet Blood
Sangre de la tierra	Blood of the Earth
Se puede.	Possible.
Sello del clan	Clan Seal
Señor de la estepa	Lord of the Steppe
Sombra	Shadow
Sombra de la estepa	Steppe Shadow
Tamga	Tamga
Te falta nivel.	Your level is too low.
Te pierdes en la hierba.	You vanish into the grass.
Te repones antes.	You recover sooner.
Tu escolta y tú peleáis con más fuerza.	You and your escort fight harder.
Tu tiro se afina.	Your aim sharpens.
Ves de lejos y tu tiro no falla.	You see far and never miss.
Ves más lejos.	You see farther.
Vuelo del grifo	Griffin's Flight
Ya elegiste la otra rama de ese motivo.	You already chose the other branch of that motif.
Ya llevas ese tatuaje.	You already have that tattoo.
brazo derecho	right arm
brazo izquierdo	left arm
cuello	neck
espalda	back
manos	hands
pecho	chest
piernas	legs
# --- src/sim/troop.c
Dinastía de Jade	Jade Dynasty
Kanato de Hierro	Iron Khanate
cazador	hunter
cocinero	cook
constructor	builder
curandero	healer
druida	druid
explorador	scout
guardia	guard
herrero	smith
lugarteniente	lieutenant
orfebre	goldsmith
pastor	herder
sin función	no role
soldado	soldier
# --- src/sim/water.c
alegre	merry
borracho	drunk
con sed	thirsty
deshidratado	dehydrated
ebrio perdido	blind drunk
reseco	parched
sin sed	not thirsty
sobrio	sober
# --- src/sim/world.c
Jarlazgo de la Costa Helada	Jarldom of the Frozen Coast
Principado de los Pinos Negros	Principality of the Black Pines
Reino de los Oasis	Kingdom of the Oases
Señorío del Glaciar	Lordship of the Glacier
altiplano glaciar	glacial highland
bosque de coníferas	conifer forest
costa de fiordos	fjord coast
desierto	desert
estepa	steppe
rocas grabadas	carved rocks
un caravasar	a caravanserai
un embarcadero	a jetty
un kurgán	a kurgan
un ovoo	an ovoo
un pozo	a well
una ciudad enterrada en la arena	a city buried in the sand
una fortaleza en ruinas	a ruined fortress
una hilera de balbales	a row of balbals
una piedra de ciervos	a deer stone
una torre de vigía	a watchtower
# --- src/world/gallery.c
GALERIA  %d objetos  |  %d con modelo  |  %d pendientes	GALLERY  %d objects  |  %d with model  |  %d pending
modelo cargado	model loaded
# --- src/world/worldview.c
Mundo %u	World %u
agua: lagos, ríos, canal y mar	water: lakes, rivers, canal and sea
campamento	camp
capital · aldea	capital · village
guarida de fieras	beast den
ruina · estructura en uso	ruin · structure in use
tribu rival · neutral · amiga	rival · neutral · friendly tribe
